runnumber,label,Termite.lineages,V2
230-23,230-23--BDIT062--Apicotermitinae--Acholotermes-chirotus--Burundi-Afro-tropical,Apicotermitinae,#228B22
272-22,272-22--BDIT49--Apicotermitinae--Aderitotermes--Burundi-Afro-tropical,Apicotermitinae,#228B22
272-27,272-27--CAM16-05--Apicotermitinae--Phoxotermes--Cameroon-Afro-tropical,Apicotermitinae,#228B22
272-28,272-28--CAM16-13--Apicotermitinae--Labidotermes--Cameroon-Afro-tropical,Apicotermitinae,#228B22
272-30,272-30--CAM212--Apicotermitinae--Heimitermes--Cameroon-Afro-tropical,Apicotermitinae,#228B22
272-38,272-38--G13-17--Apicotermitinae--Anoplotermes-group-sp-N--French-Guiana-Neo-tropical,Apicotermitinae,#228B22
272-42,272-42--G13-4--Apicotermitinae--Anoplotermes-parvus--French-Guiana-Neo-tropical,Apicotermitinae,#228B22
272-47,272-47--G756--Apicotermitinae--Patawatermes--French-Guiana-Neo-tropical,Apicotermitinae,#228B22
272-88,272-88--SAF6--Apicotermitinae--Alyscotermes-sp--South-Africa-Afro-tropical,Apicotermitinae,#228B22
272-90,272-90--T414A--Apicotermitinae--Euhamitermes--Singapore-Oriental,Apicotermitinae,#228B22
301-23,301-23--BDIT061--Apicotermitinae--Alyscotermes-kilimandjaricus--Burundi-Afro-tropical,Apicotermitinae,#228B22
301-27,301-27--BDIT112--Apicotermitinae--Astalotermes-murcus--Burundi-Afro-tropical,Apicotermitinae,#228B22
301-41,301-41--G13-32--Apicotermitinae--Anoplotermes-banksi--French-Guiana-Neo-tropical,Apicotermitinae,#228B22
301-46,301-46--G13-65--Apicotermitinae--Anoplotermes-group-sp-Q--French-Guiana-Neo-tropical,Apicotermitinae,#228B22
301-47,301-47--G13-69--Apicotermitinae--Anoplotermes-group-sp-AF--French-Guiana-Neo-tropical,Apicotermitinae,#228B22
301-48,301-48--G13-8--Apicotermitinae--Anoplotermes-janus--French-Guiana-Neo-tropical,Apicotermitinae,#228B22
301-65,301-65--RDCT021--Apicotermitinae--Acidnotermes-praus--Congo-Afro-tropical,Apicotermitinae,#228B22
301-67,301-67--RDCT070--Apicotermitinae--Ateuchotermes-sp-B--Congo-Afro-tropical,Apicotermitinae,#228B22
301-68,301-68--RDCT098--Apicotermitinae--Amalotermes-phaeocephalus--Congo-Afro-tropical,Apicotermitinae,#228B22
229-01,229-01--HSRNA1--Archotermopsidae--Hodotermopsis-sjosdedti--China-Paleo-arctic,Archotermopsidae_Hodotermitidae,#b8860b
301-91,301-91--US17--Archotermopsidae--Zootermopsis-nevadensis--USA-Neo-arctic,Archotermopsidae_Hodotermitidae,#b8860b
229-08,229-08--Crypto--Cryptocercidae--Cryptocercus-punctulatus--Korea-Paleo-arctic,Cryptocercidae,#008b8b
230-20,230-20--BDIT069--Cubitermitinae--Cubitermes-nr-fulvus--Burundi-Afro-tropical,Cubitermitinae,#7D26CD
301-28,301-28--BDIT43--Cubitermitinae--Basidentitermes-aurivillii--Burundi-Afro-tropical,Cubitermitinae,#7D26CD
301-66,301-66--RDCT051--Cubitermitinae--Orthotermes-depressifrons--Congo-Afro-tropical,Cubitermitinae,#7D26CD
301-69,301-69--RDCT105--Cubitermitinae--Ophiotermes-grandilabius--Congo-Afro-tropical,Cubitermitinae,#7D26CD
301-73,301-73--RDCT159--Cubitermitinae--Proboscitermes-tubuliferus--Congo-Afro-tropical,Cubitermitinae,#7D26CD
230-21,230-21--TBRU814E--Foraminitermitinae--Labritermes-buttelreepeni--Brunei-Oriental,Foraminitermitinae,#8B008B
272-20,272-20--BDIT108-2--Foraminitermitinae--Foraminitermes-rhinoceros--Burundi-Afro-tropical,Foraminitermitinae,#8B008B
301-75,301-75--SA16-13--Hodotermes--Hodotermes--SouthAmerica-Neo-tropical,Archotermopsidae_Hodotermitidae,#b8860b
230-02,230-02--AUS109--Kalotermitidae--Kalotermitidae-sp-E--Australia-Australia,Kalotermitidae,#0000FF
230-18,230-18--SING74--Kalotermitidae--Neotermes--Singapore-Oriental,Kalotermitidae,#0000FF
230-24,230-24--THAI31--Kalotermitidae--Glyptotermes-sp-3--Thailand-Oriental,Kalotermitidae,#0000FF
272-06,272-06--AUS110--Kalotermitidae--Cryptotermes-primus--Australia-Australia,Kalotermitidae,#0000FF
272-07,272-07--AUS111--Kalotermitidae--Kalotermitidae-sp-F--Australia-Australia,Kalotermitidae,#0000FF
272-08,272-08--AUS117--Kalotermitidae--Cryptotermes-primus--Australia-Australia,Kalotermitidae,#0000FF
272-105,272-105--US10--Kalotermitidae--Incisitermes-snyderi--USA-Neo-arctic,Kalotermitidae,#0000FF
272-49,272-49--KE15-30--Kalotermitidae--Bifiditermes-mutubae--Kenya-Afro-tropical,Kalotermitidae,#0000FF
272-51,272-51--M16--Kalotermitidae--Tauritermes--Argentina-Neo-tropical,Kalotermitidae,#0000FF
272-61,272-61--MAD15-2--Kalotermitidae--Bifiditermes--Madagascar-Madagascar,Kalotermitidae,#0000FF
272-71,272-71--MAL39--Kalotermitidae--Cryptotermes--Malaysia-Oriental,Kalotermitidae,#0000FF
272-96,272-96--THAI112--Kalotermitidae--Glyptotermes--Thailand-Oriental,Kalotermitidae,#0000FF
272-97,272-97--THAI114--Kalotermitidae--Glyptotermes-sp-1--Thailand-Oriental,Kalotermitidae,#0000FF
301-10,301-10--AUS102--Kalotermitidae--Kalotermitidae-sp-H--Australia-Australia,Kalotermitidae,#0000FF
301-19,301-19--AUS89--Kalotermitidae--Kalotermitidae-sp-A--Australia-Australia,Kalotermitidae,#0000FF
301-20,301-20--AUS-91--Kalotermitidae--Kalotermitidae-sp-C--Australia-Australia,Kalotermitidae,#0000FF
301-49,301-49--G678-2--Kalotermitidae--Rugitermes-sp-A--French-Guiana-Neo-tropical,Kalotermitidae,#0000FF
301-55,301-55--H2--Kalotermitidae--Glyptotermes-Okinawa--h2-Japan-Paleo-arctic,Kalotermitidae,#0000FF
230-09,230-09--BDIT072--Macrotermitinae--Macrotermes-subhyalinus--Burundi-Afro-tropical,Macrotermitinae,#104f2a
272-26,272-26--CAM16-02a--Macrotermitinae--Acanthotermes--Cameroon-Afro-tropical,Macrotermitinae,#104f2a
272-83,272-83--RDCT109--Macrotermitinae--Pseudacanthotermes-militaris--Congo-Afro-tropical,Macrotermitinae,#104f2a
272-87,272-87--SAF5--Macrotermitinae--Allodontotermes-schultzei--South-Africa-Afro-tropical,Macrotermitinae,#104f2a
272-99,272-99--THAI50--Macrotermitinae--Macrotermes--Thailand-Oriental,Macrotermitinae,#104f2a
301-30,301-30--BDIT086--Macrotermitinae--Odontotermes-sp--Burundi-Afro-tropical,Macrotermitinae,#104f2a
301-72,301-72--RDCT144--Macrotermitinae--Odontotermes-sp-D--Congo-Afro-tropical,Macrotermitinae,#104f2a
301-86,301-86--THAI064--Macrotermitinae--Odontotermes-javanicus--Thailand-Oriental,Macrotermitinae,#104f2a
301-88,301-88--THAI071--Macrotermitinae--Macrotermes-annalandai--Thailand-Oriental,Macrotermitinae,#104f2a
229-05,229-05--MD-RNA-1--Mastotermitidae--Mastotermes-darwiniensis--Australia-Australia,Mastotermitidae,#232a80
229-07,229-07--Msp-RNA-1--Microcerotermes--Microcerotermes--South-East-Asia-Oriental,Microcerotermes,#03aba4
230-03,230-03--PHI8--Microcerotermes--Microcerotermes--Philippines-Oriental,Microcerotermes,#03aba4
230-12,230-12--81--Microcerotermes--Microcerotermes-papuanus--New-Guinea-Oceania,Microcerotermes,#03aba4
230-14,230-14--RDCT055--Microcerotermes--Microcerotermes-parvus--Congo-Afro-tropical,Microcerotermes,#03aba4
230-15,230-15--D2-34--Microcerotermes--Microcerotermes-biroi--New-Guinea-Oceania,Microcerotermes,#03aba4
230-16,230-16--MAD15-54--Microcerotermes--Microcerotermes-mad-sp-H--Madagascar-Madagascar,Microcerotermes,#03aba4
230-17,230-17--TBRU318a--Microcerotermes--Microcerotermes-nr-havilandi--Brunei-Oriental,Microcerotermes,#03aba4
272-01,272-01--10-2--Microcerotermes--Microcerotermes-biroi--New-Guinea,Microcerotermes,#03aba4
272-02,272-02--28--Microcerotermes--Microcerotermes-papuanus--New-Guinea-Oceania,Microcerotermes,#03aba4
272-04,272-04--48--Microcerotermes--Microcerotermes-papuanus--New-Guinea-Oceania,Microcerotermes,#03aba4
272-05,272-05--71--Microcerotermes--Microcerotermes-biroi--New-Guinea-Oceania,Microcerotermes,#03aba4
272-09,272-09--AUS13--Microcerotermes--Microcerotermes-sp--Australia-Australia,Microcerotermes,#03aba4
272-10,272-10--AUS32--Microcerotermes--Microcerotermes-sp--Australia-Australia,Microcerotermes,#03aba4
272-100,272-100--THAI54--Microcerotermes--Microcerotermes-crassus--Thailand-Oriental,Microcerotermes,#03aba4
272-101,272-101--THAI055--Microcerotermes--Microcerotermes-sp-B--Thailand-Oriental,Microcerotermes,#03aba4
272-104,272-104--TP114A--Microcerotermes--Microcerotermes-crassus--Malaysia-Oriental,Microcerotermes,#03aba4
272-12,272-12--AUS66--Microcerotermes--Microcerotermes-sp-E--Australia-Australia,Microcerotermes,#03aba4
272-13,272-13--AUS6--Microcerotermes--Microcerotermes-nervosus--Australia-Australia,Microcerotermes,#03aba4
272-14,272-14--AUS71--Microcerotermes--Microcerotermes-sp-G--Australia-Australia,Microcerotermes,#03aba4
272-15,272-15--AUS82--Microcerotermes--Microcerotermes-sp-I--Australia-Australia,Microcerotermes,#03aba4
272-19,272-19--BDIT102--Microcerotermes--Microcerotermes-fuscotibialis--Burundi-Afro-tropical,Microcerotermes,#03aba4
272-33,272-33--FG-ND02-38--Microcerotermes--Microcerotermes-sp-SA--French-Guiana-Neo-tropical,Microcerotermes,#03aba4
272-34,272-34--FG-ND02-39--Microcerotermes--Microcerotermes-sp-SC--French-Guiana-Neo-tropical,Microcerotermes,#03aba4
272-43,272-43--G-13-58--Microcerotermes--Microcerotermes--French-Guiana-Neo-tropical,Microcerotermes,#03aba4
272-45,272-45--G689--Microcerotermes--Microcerotermes-sp--French-Guiana-Neo-tropical,Microcerotermes,#03aba4
272-52,272-52--MAD15-104--Microcerotermes--Microcerotermes-mad-sp-C--Madagascar-Madagascar,Microcerotermes,#03aba4
272-53,272-53--MAD15-113--Microcerotermes--Microcerotermes-mad-sp-G--Madagascar-Madagascar,Microcerotermes,#03aba4
272-54,272-54--MAD15-130--Microcerotermes--Microcerotermes-mad-sp-B--Madagascar-Madagascar,Microcerotermes,#03aba4
272-55,272-55--MAD15-136--Microcerotermes--Microcerotermes-mad-sp-G--Madagascar-Madagascar,Microcerotermes,#03aba4
272-56,272-56--MAD15-139--Microcerotermes--Microcerotermes-mad-sp-L--Madagascar-Madagascar,Microcerotermes,#03aba4
272-57,272-57--MAD15-148--Microcerotermes--Microcerotermes-mad-sp-F--Madagascar-Madagascar,Microcerotermes,#03aba4
272-58,272-58--MAD15-151--Microcerotermes--Microcerotermes-mad-sp-M--Madagascar-Madagascar,Microcerotermes,#03aba4
272-59,272-59--MAD15-169--Microcerotermes--Microcerotermes-mad-sp-D--Madagascar-Madagascar,Microcerotermes,#03aba4
272-60,272-60--MAD15-21--Microcerotermes--Microcerotermes-mad-sp-D--Madagascar-Madagascar,Microcerotermes,#03aba4
272-62,272-62--MAD15-59--Microcerotermes--Microcerotermes-mad-sp-F--Madagascar-Madagascar,Microcerotermes,#03aba4
272-63,272-63--MAD15-5--Microcerotermes--Microcerotermes-mad-sp-E--Madagascar-Madagascar,Microcerotermes,#03aba4
272-64,272-64--MAD15-62--Microcerotermes--Microcerotermes-mad-sp-F--Madagascar-Madagascar,Microcerotermes,#03aba4
272-65,272-65--MAD15-63--Microcerotermes--Microcerotermes-mad-sp-N--Madagascar-Madagascar,Microcerotermes,#03aba4
272-66,272-66--MAD15-76--Microcerotermes--Microcerotermes-mad-sp-G--Madagascar-Madagascar,Microcerotermes,#03aba4
272-67,272-67--MAD15-85--Microcerotermes--Microcerotermes-mad-sp-A--Madagascar-Madagascar,Microcerotermes,#03aba4
272-68,272-68--MAD15-86--Microcerotermes--Microcerotermes-mad-sp-K--Madagascar-Madagascar,Microcerotermes,#03aba4
272-69,272-69--MAL22--Microcerotermes--Microcerotermes-crassus--Malaysia-Oriental,Microcerotermes,#03aba4
272-70,272-70--MAL37--Microcerotermes--Microcerotermes-crassus--Malaysia-Oriental,Microcerotermes,#03aba4
272-75,272-75--PHI1--Microcerotermes--Microcerotermes--Philippines-Oriental,Microcerotermes,#03aba4
272-77,272-77--RDCT033--Microcerotermes--Microcerotermes-fuscotibialis--Congo-Afro-tropical,Microcerotermes,#03aba4
272-79,272-79--RDCT053--Microcerotermes--Microcerotermes-parvus--Congo-Afro-tropical,Microcerotermes,#03aba4
272-84,272-84--RDCT119--Microcerotermes--Microcerotermes-parvus--Congo-Afro-tropical,Microcerotermes,#03aba4
272-85,272-85--RDCT134--Microcerotermes--Microcerotermes-parvus--Congo-Afro-tropical,Microcerotermes,#03aba4
272-89,272-89--T2-IC--Microcerotermes--Microcerotermes-havilandi--Singapore-Oriental,Microcerotermes,#03aba4
272-91,272-91--T614--Microcerotermes--Microcerotermes--Singapore-Oriental,Microcerotermes,#03aba4
272-95,272-95--TBRU912E--Microcerotermes--Microcerotermes-serrula--Brunei-Oriental,Microcerotermes,#03aba4
301-08,301-08--81-2--Microcerotermes--Microcerotermes-papuanus--New-Guinea-Oceania,Microcerotermes,#03aba4
301-11,301-11--AUS114--Microcerotermes--Microcerotermes-sp-H--Australia-Australia,Microcerotermes,#03aba4
301-17,301-17--AUS66--Microcerotermes--Microcerotermes-sp-E--Australia-Australia,Microcerotermes,#03aba4
301-29,301-29--BDIT45--Microcerotermes--Microcerotermes-parvus--Burundi-Afro-tropical,Microcerotermes,#03aba4
301-58,301-58--MAD15-116--Microcerotermes--Microcerotermes-mad-sp-H--Madagascar-Madagascar,Microcerotermes,#03aba4
301-59,301-59--MAD15-16--Microcerotermes--Microcerotermes-mad-sp-C--Madagascar-Madagascar,Microcerotermes,#03aba4
301-60,301-60--MAD15-66--Microcerotermes--Microcerotermes-mad-sp-E--Madagascar-Madagascar,Microcerotermes,#03aba4
301-61,301-61--MAD15-71--Microcerotermes--Microcerotermes-mad-sp-B--Madagascar-Madagascar,Microcerotermes,#03aba4
301-77,301-77--TBRU414--Microcerotermes--Microcerotermes-nr-havilandi--Brunei-Oriental,Microcerotermes,#03aba4
230-01,230-01--CAM16-18--Nasutitermitinae--Leptomixotermes--Cameroon-Afro-tropical,Nasutitermitinae,#632424
230-11,230-11--60--Nasutitermitinae--Nasutitermes-gracilirostris--New-Guinea-Oceania,Nasutitermitinae,#632424
230-13,230-13--THAI43--Nasutitermitinae--Nasutitermes-sp-3--Thailand-Oriental,Nasutitermitinae,#632424
272-21,272-21--BDIT041--Nasutitermitinae--Nasutitermes--Burundi-Afro-tropical,Nasutitermitinae,#632424
272-25,272-25--BRU6--Nasutitermitinae--Nasutitermes--Brunei-Oriental,Nasutitermitinae,#632424
272-32,272-32--CIVT017--Nasutitermitinae--Mimeutermes-sorex--Ivory-Coast-Afro-tropical,Nasutitermitinae,#632424
272-40,272-40--G13-30--Nasutitermitinae--Coatitermes-kartaboensis--French-Guiana-Neo-tropical,Nasutitermitinae,#632424
272-46,272-46--G728--Nasutitermitinae--Agnathotermes-crassinasus--French-Guiana-Neo-tropical,Nasutitermitinae,#632424
272-50,272-50--KE15-44--Nasutitermitinae--Trinervitermes-gratiosus--Kenya-Afro-tropical,Nasutitermitinae,#632424
272-82,272-82--RDCT106--Nasutitermitinae--Nasutitermes-lujae--Congo-Afro-tropical,Nasutitermitinae,#632424
301-07,301-07--69--Nasutitermitinae--Nasutitermes-bikpelanus--New-Guinea-Oceania,Nasutitermitinae,#632424
301-14,301-14--AUS49--Nasutitermitinae--Nasutitermes-sp-G--Australia-Australia,Nasutitermitinae,#632424
301-16,301-16--AUS54--Nasutitermitinae--Nasutitermes-triodiae--Australia-Australia,Nasutitermitinae,#632424
301-18,301-18--AUS62--Nasutitermitinae--Nasutitermes-graveolus--Australia-Australia,Nasutitermitinae,#632424
301-24,301-24--BDIT094--Nasutitermitinae--Trinervitermes-sp--Burundi-Afro-tropical,Nasutitermitinae,#632424
301-32,301-32--BRA1--Nasutitermitinae--Constrictotermes-ciphergaster--Brazil-Neo-tropical,Nasutitermitinae,#632424
301-39,301-39--G13-130--Nasutitermitinae--Coatitermes-sp-2--French-Guiana-Neo-tropical,Nasutitermitinae,#632424
301-44,301-44--G13-48--Nasutitermitinae--Constrictotermes-cavifrons--French-Guiana-Neo-tropical,Nasutitermitinae,#632424
301-52,301-52--G729--Nasutitermitinae--Araujotermes-parvellus--French-Guiana-Neo-tropical,Nasutitermitinae,#632424
301-54,301-54--G733--Nasutitermitinae--Nasutitermes-macrocephalus--French-Guiana-Neo-tropical,Nasutitermitinae,#632424
301-64,301-64--NSW6--Nasutitermitinae--Occasitermes--Australia-Australia,Nasutitermitinae,#632424
301-80,301-80--THAI100--Nasutitermitinae--Bulbitermes-nr-laticephalus--Thailand-Oriental,Nasutitermitinae,#632424
301-85,301-85--THAI45--Nasutitermitinae--Oriensubulitermes-inanis--Thailand-Oriental,Nasutitermitinae,#632424
301-87,301-87--THAI067--Nasutitermitinae--Hospitalitermes-sp-C--Thailand-Oriental,Nasutitermitinae,#632424
229-03,229-03--CF-RNA-1--Rhinotermitidae--Coptotermes-formosanus--South-East-Asia-Oriental,Heterotermitinae_Coptotermitinae,#ff0000
230-04,230-04--RDCT185--Rhinotermitidae--Coptotermes--Congo-Afro-tropical,Heterotermitinae_Coptotermitinae,#ff0000
230-26,230-26--G13-107--Rhinotermitidae--Coptotermes-testaceus--French-Guiana-Neo-tropical,Heterotermitinae_Coptotermitinae,#ff0000
272-03,272-03--30--Rhinotermitidae--Parrhinotermes-browni--New-Guinea-Oceania,Rhinotermitinae,#BF3EFF
272-102,272-102--THAI63--Rhinotermitidae--Schedorhinotermes-sp-3--Thailand-Oriental,Rhinotermitinae,#BF3EFF
272-11,272-11--AUS47--Rhinotermitidae--Heterotermes-vagus--Australia-Australia,Heterotermitinae_Coptotermitinae,#ff0000
272-16,272-16--AUS88--Rhinotermitidae--Heterotermes-sp-5--Australia-Australia,Heterotermitinae_Coptotermitinae,#ff0000
272-72,272-72--NG84--Rhinotermitidae--Termitogeton-planus--New-Guinea-Oceania,Termitigetoninae_Prorhinotermitinae,#9c091d
272-92,272-92--TBRU23A--Rhinotermitidae--Schedorhinotermes--Brunei-Oriental,Rhinotermitinae,#BF3EFF
272-94,272-94--TBRU825--Rhinotermitidae--Heterotermes--Brunei-Oriental,Heterotermitinae_Coptotermitinae,#ff0000
301-09,301-09--87--Rhinotermitidae--Coptotermes-elisae--New-Guinea-Oceania,Heterotermitinae_Coptotermitinae,#ff0000
301-12,301-12--AUS121--Rhinotermitidae--Heterotermes-sp-4--Australia-Australia,Heterotermitinae_Coptotermitinae,#ff0000
301-45,301-45--G13-54--Rhinotermitidae--Dolichorhinotermes-longilabius--French-Guiana-Neo-tropical,Rhinotermitinae,#BF3EFF
301-63,301-63--NG90--Rhinotermitidae--Prorhinotermes-inopinatus--New-Guinea-Oceania,Termitigetoninae_Prorhinotermitinae,#9c091d
301-70,301-70--RDCT112--Rhinotermitidae--Schedorhinotermes-lamanianus--Congo-Afro-tropical,Rhinotermitinae,#BF3EFF
301-82,301-82--THAI23--Rhinotermitidae--Parhinotermes-sp-A--Thailand-Oriental,Rhinotermitinae,#BF3EFF
301-90,301-90--THAI98--Rhinotermitidae--Reticulitermes-sp-A--Thailand-Oriental,Reticulitermes,#672178
301-92,301-92--US1--Rhinotermitidae--Reticulitermes-nelsonae--USA-Neo-arctic,Reticulitermes,#672178
230-25,230-25--BRA31--Serritermitidae--Serritermes--Brazil-Neo-tropical,Serritermitidae,#1fbaf2
272-37,272-37--G13-144--Serritermitidae--Glossotermes--French-Guiana-Neo-tropical,Serritermitidae,#1fbaf2
230-22,230-22--RDCT165--Sphaerotermitinae--Sphaerotermes-sphaerothorax--Congo-Afro-tropical,Sphaerotermitinae,#ccff00
230-10,230-10--POROTERMES52--Stolotermitidae--Porotermes--Chile-Neo-tropical,Stolotermitidae,#D3BC5F
272-17,272-17--AUST14-12--Stolotermitidae--Stolotermes-victoriensis--Australia-Australia,Stolotermitidae,#D3BC5F
272-76,272-76--PORO-CHILI--Stolotermitidae--Porotermes-quadricollis--Chile-Neo-tropical,Stolotermitidae,#D3BC5F
272-31,272-31--Chi15-131--Stylotermitidae--Stylotermes-sp--China-Paleo-arctic,Stylotermitidae,#66531e
230-06,230-06--G13-23--Syntermitinae--Embiratermes-brevinasus--French-Guiana-Neo-tropical,Syntermitinae,#8B7355
230-19,230-19--G13-62--Syntermitinae--Cornitermes-sp-A--French-Guiana-Neo-tropical,Syntermitinae,#8B7355
272-41,272-41--G13-45--Syntermitinae--Cyriliotermes-angulariceps--French-Guiana-Neo-tropical,Syntermitinae,#8B7355
301-22,301-22--BRA14--Syntermitinae--Cyrilliotermes-sp--Brazil-Neo-tropical,Syntermitinae,#8B7355
301-31,301-31--BRA11-2--Syntermitinae--Syntermes-grandis--Brazil-Neo-tropical,Syntermitinae,#8B7355
301-33,301-33--BRA29--Syntermitinae--Labiotermes-sp--Brazil-Neo-tropical,Syntermitinae,#8B7355
301-34,301-34--BRA3--Syntermitinae--Cornitermes-cumulans--Brazil-Neo-tropical,Syntermitinae,#8B7355
301-35,301-35--BRA5--Syntermitinae--Silvestritermes-heyeri--Brazil-Neo-tropical,Syntermitinae,#8B7355
301-36,301-36--BRA9--Syntermitinae--Rhynchotermes-nasutissimus--Brazil-Neo-tropical,Syntermitinae,#8B7355
301-43,301-43--G13-43--Syntermitinae--Labiotermes-labralis--French-Guiana-Neo-tropical,Syntermitinae,#8B7355
230-05,230-05--TBRU514A--Termitinae--Prohamitermes--Brunei-Oriental,Amitermes-group,#cd1076
272-35,272-35--G13-105--Termitinae--Termes-fatalis--French-Guiana-Neo-tropical,Termes-group,#FFA500
272-36,272-36--G13-112--Termitinae--Cavitermes-cavifrons--French-Guiana-Neo-tropical,Termes-group,#FFA500
272-39,272-39--G13-24--Termitinae--Cylindrotermes--French-Guiana-Neo-tropical,Cephalotermes-group,#e9de5e
272-44,272-44--G-13-60--Termitinae--Neocapritermes-taracua--French-Guiana-Neo-tropical,Neocapritermes-group,#05544F
272-86,272-86--RDCT180--Termitinae--Cephalotermes--Congo-Afro-tropical,Cephalotermes-group,#e9de5e
272-93,272-93--TBRU711D--Termitinae--Orientotermes--Brunei-Oriental,Cephalotermes-group,#e9de5e
272-98,272-98--THAI49--Termitinae--Amitermes--Thailand-Oriental,Amitermes-group,#cd1076
301-05,301-05--49--Termitinae--Protocapritermes-odontomachus--New-Guinea-Oceania,Termes-group,#FFA500
301-06,301-06--NG55--Termitinae--Pericapritermes-sp-B--New-Guinea-Oceania,Pericapritermes-group,#CD1076
301-13,301-13--NG45-10k--Termitinae--Pericapritermes-parvus--NewGuinea-Oceania,Pericapritermes-group,#CD1076
301-15,301-15--AUS4--Termitinae--Amitermes-meridionalis--Australia-Australia,Amitermes-group,#cd1076
301-40,301-40--G13-28--Termitinae--Planicapritermes-planiceps--French-Guiana-Neo-tropical,Neocapritermes-group,#05544F
301-50,301-50--G683--Termitinae--Neocapritermes-sp-H--French-Guiana-Neo-tropical,Neocapritermes-group,#05544F
301-51,301-51--G697--Termitinae--Orthognathotermes-aduncus--French-Guiana-Neo-tropical,Amitermes-group,#cd1076
301-53,301-53--G730--Termitinae--Dentispicotermes-brevicarinatus--French-Guiana-Neo-tropical,Amitermes-group,#cd1076
301-57,301-57--SP1--Termitinae--Sinocapritermes-sp1--Iriomote-Japan-Paleo-arctic,Pericapritermes-group,#CD1076
301-62,301-62--NG45--Termitinae--Pericapritermes-parvus--New-Guinea-Oceania,Pericapritermes-group,#CD1076
301-71,301-71--RDCT125--Termitinae--Tuberculitermes-bycanistes--Congo-Afro-tropical,Termes-group,#FFA500
301-74,301-74--RD1T21M1-e--Termitinae--Promirotermes-pygmaeus--Congo-Afro-tropical,Promirotermes,#FF6600
301-76,301-76--SING57--Termitinae--Dicuspiditermes-nemerosus--Singapore-Oriental,Pericapritermes-group,#CD1076
301-81,301-81--THAI105--Termitinae--Sinocapritermes-sp-1--Thailand-Oriental,Pericapritermes-group,#CD1076
301-83,301-83--THAI037--Termitinae--Procapritermes-sp-1--Thailand-Oriental,Pericapritermes-group,#CD1076
301-84,301-84--THAI038--Termitinae--Mirocapritermes-sp-1--Thailand-Oriental,Pericapritermes-group,#CD1076
301-89,301-89--THAI096--Termitinae--Termes-propinqus--Thailand-Oriental,Termes-group,#FFA500
