runnumber,label,biogeography,diet_type,diet,lineage,higher_lower,higher_lower_basal,batch_effect,diet_type_number4,lineage2,termitelabel,termitespecies2,termitespecies,termitegenus
229-01,229-01--HSRNA1--Archotermopsidae--Hodotermopsis-sjosdedti--China-Paleo-arctic,Paleo-arctic,group1,wood,Archotermopsidae,lower,basal,run1,1,Basal_termites,HSRNA1,229-01--Archotermopsidae-Hodotermopsis-sjosdedti,229-01--Archotermopsidae-Hodotermopsis-sjosdedti,Hodotermopsis
229-03,229-03--CF-RNA-1--Rhinotermitidae--Coptotermes-formosanus--South-East-Asia-Oriental,Oriental,group1,wood,Rhinotermitidae,lower,lower,run1,1,Heterotermes_Coptotermes,CF_RNA_1,229-03--Rhinotermitidae-Coptotermes-formosanus,229-03--Rhinotermitidae-Coptotermes-formosanus,Coptotermes
229-05,229-05--MD-RNA-1--Mastotermitidae--Mastotermes-darwiniensis--Australia-Australia,Australia,group1,wood,Mastotermitidae,lower,basal,run1,1,Mastotermitidae,MD_RNA_1,229-05--Mastotermitidae-Mastotermes-darwiniensis,229-05--Mastotermitidae-Mastotermes-darwiniensis,Mastotermes
229-08,229-08--Crypto--Cryptocercidae--Cryptocercus-punctulatus--Korea-Paleo-arctic,Paleo-arctic,group1,wood,Cryptocercidae,lower,basal,run1,1,Cryptocercidae,Cryp,229-08--Cryptocercidae-Cryptocercus-punctulatus,229-08--Cryptocercidae-Cryptocercus-punctulatus,Cryptocercus
230-02,230-02--AUS109--Kalotermitidae--Kalotermitidae-sp-E--Australia-Australia,Australia,group1,wood,Kalotermitidae,lower,lower,run2,1,Kalotermitidae,AUS109,230-02--Kalotermitidae-Kalotermitidae-spE,230-02--Kalotermitidae-Kalotermitidae-spE,Glyptotermes
230-04,230-04--RDCT185--Rhinotermitidae--Coptotermes-Congo-Afro-tropical,Afro-tropical,group1,wood,Rhinotermitidae,lower,lower,run2,1,Heterotermes_Coptotermes,RDCT185,230-04--Rhinotermitidae-Coptotermes,230-04--Rhinotermitidae-Coptotermes,Coptotermes
230-10,230-10--POROTERMES52--Stolotermitidae--Porotermes--Chile-Neo-tropical,Neo-tropical,group1,wood,Stolotermitidae,lower,basal,run2,1,Basal_termites,POROTERMES52,230-10--Stolotermitidae-Porotermes,230-10--Stolotermitidae-Porotermes,Porotermes
230-18,230-18--SING74--Kalotermitidae--Neotermes--Singapore-Oriental,Oriental,group1,wood,Kalotermitidae,lower,lower,run2,1,Kalotermitidae,SING74,230-18--Kalotermitidae-Neotermes,230-18--Kalotermitidae-Neotermes,Neotermes
230-24,230-24--THAI31--Kalotermitidae--Glyptotermes-sp-3--Thailand-Oriental,Oriental,group1,wood,Kalotermitidae,lower,lower,run2,1,Kalotermitidae,THAI31,230-24--Kalotermitidae-Glyptotermes-sp3,230-24--Kalotermitidae-Glyptotermes-sp3,Glyptotermes
230-25,230-25--BRA31--Serritermitidae--Serritermes--Brazil-Neo-tropical,Neo-tropical,group1,wood,Serritermitidae,lower,lower,run2,1,Serritermitidae,BRA31,230-25--Serritermitidae-Serritermes,230-25--Serritermitidae-Serritermes,Serritermes
230-26,230-26--G13-107--Rhinotermitidae--Coptotermes-testaceus--French-Guiana-Neo-tropical,Neo-tropical,group1,wood,Rhinotermitidae,lower,lower,run2,1,Heterotermes_Coptotermes,G13-107,230-26--Rhinotermitidae-Coptotermes-testaceus,230-26--Rhinotermitidae-Coptotermes-testaceus,Coptotermes
272-03,272-03--30--Rhinotermitidae--Parrhinotermes-browni--New-Guinea-Oceania,Oceania,group1,wood,Rhinotermitidae,lower,lower,run3,1,Rhinotermitidae,NG30,272-03--Rhinotermitidae-Parrhinotermes-browni,272-03--Rhinotermitidae-Parrhinotermes-browni,Parrhinotermes
272-07,272-07--AUS111--Kalotermitidae--Kalotermitidae-sp-F--Australia-Australia,Australia,group1,wood,Kalotermitidae,lower,lower,run3,1,Kalotermitidae,AUS111,272-07--Kalotermitidae-Kalotermitidae-spF,272-07--Kalotermitidae-Kalotermitidae-spF,Incisitermes
272-102,272-102--THAI63--Rhinotermitidae--Schedorhinotermes-sp-3--Thailand-Oriental,Oriental,group1,wood,Rhinotermitidae,lower,lower,run3,1,Rhinotermitidae,THAI63,272-102--Rhinotermitidae-Schedorhinotermes-sp3,272-102--Rhinotermitidae-Schedorhinotermes-sp3,Schedorhinotermes
272-105,272-105--US10--Kalotermitidae--Incisitermes-snyderi--USA-Neo-arctic,Neo-arctic,group1,wood,Kalotermitidae,lower,lower,run3,1,Kalotermitidae,US10,272-105--Kalotermitidae-Incisitermes-snyderi,272-105--Kalotermitidae-Incisitermes-snyderi,Incisitermes
272-11,272-11--AUS47--Rhinotermitidae--Heterotermes-vagus--Australia-Australia,Australia,group1,wood,Rhinotermitidae,lower,lower,run3,1,Heterotermes_Coptotermes,AUS47,272-11--Rhinotermitidae-Heterotermes-vagus,272-11--Rhinotermitidae-Heterotermes-vagus,Heterotermes
272-16,272-16--AUS88--Rhinotermitidae--Heterotermes-sp-5--Australia-Australia,Australia,group1,wood,Rhinotermitidae,lower,lower,run3,1,Heterotermes_Coptotermes,AUS88,272-16--Rhinotermitidae-Heterotermes-sp5,272-16--Rhinotermitidae-Heterotermes-sp5,Heterotermes
272-17,272-17--AUST14-12--Stolotermitidae--Stolotermes-victoriensis--Australia-Australia,Australia,group1,wood,Stolotermitidae,lower,basal,run3,1,Basal_termites,AUST14-12,272-17--Stolotermitidae-Stolotermes-victoriensis,272-17--Stolotermitidae-Stolotermes-victoriensis,Stolotermes
272-31,272-31--Chi15-131--Stylotermitidae--Stylotermes-sp--China-Paleo-arctic,Paleo-arctic,group1,wood,Stylotermitidae,lower,lower,run3,1,Stylotermitidae,Chi15_131,272-31--Stylotermitidae-Stylotermes-sp,272-31--Stylotermitidae-Stylotermes-sp,Stylotermes
272-37,272-37--G13-144--Serritermitidae--Glossotermes--French-Guiana-Neo-tropical,Neo-tropical,group1,wood,Serritermitidae,lower,lower,run3,1,Serritermitidae,G13-144,272-37--Serritermitidae-Glossotermes,272-37--Serritermitidae-Glossotermes,Glossotermes
272-49,272-49--KE15-30--Kalotermitidae--Bifiditermes-mutubae--Kenya-Afro-tropical,Afro-tropical,group1,wood,Kalotermitidae,lower,lower,run3,1,Kalotermitidae,KE15-30,272-49--Kalotermitidae-Bifiditermes-mutubae,272-49--Kalotermitidae-Bifiditermes-mutubae,Bifiditermes
272-51,272-51--M16--Kalotermitidae--Tauritermes--Argentina-Neo-tropical,Neo-tropical,group1,wood,Kalotermitidae,lower,lower,run3,1,Kalotermitidae,M16,272-51--Kalotermitidae-Tauritermes,272-51--Kalotermitidae-Tauritermes,Tauritermes
272-71,272-71--MAL39--Kalotermitidae--Cryptotermes--Malaysia-Oriental,Oriental,group1,wood,Kalotermitidae,lower,lower,run3,1,Kalotermitidae,MAL39,272-71--Kalotermitidae-Cryptotermes,272-71--Kalotermitidae-Cryptotermes,Cryptotermes
272-72,272-72--NG84--Rhinotermitidae--Termitogeton-planus--New-Guinea-Oceania,Oceania,group1,wood,Rhinotermitidae,lower,lower,run3,1,Termitogeton,NG84,272-72--Rhinotermitidae-Termitogeton-planus,272-72--Rhinotermitidae-Termitogeton-planus,Termitogeton
272-76,272-76--PORO-CHILI--Stolotermitidae--Porotermes-quadricollis--Chile-Neo-tropical,Neo-tropical,group1,wood,Stolotermitidae,lower,basal,run3,1,Basal_termites,PORO-CHILI,272-76--Stolotermitidae-Porotermes-quadricollis,272-76--Stolotermitidae-Porotermes-quadricollis,Porotermes
272-92,272-92--TBRU23A--Rhinotermitidae--Schedorhinotermes--Brunei-Oriental,Oriental,group1,wood,Rhinotermitidae,lower,lower,run3,1,Rhinotermitidae,TBRU2.3A,272-92--Rhinotermitidae-Schedorhinotermes,272-92--Rhinotermitidae-Schedorhinotermes,Schedorhinotermes
272-94,272-94--TBRU825--Rhinotermitidae--Heterotermes--Brunei-Oriental,Oriental,group1,wood,Rhinotermitidae,lower,lower,run3,1,Heterotermes_Coptotermes,TBRU8.25,272-94--Rhinotermitidae-Heterotermes,272-94--Rhinotermitidae-Heterotermes,Heterotermes
272-96,272-96--THAI112--Kalotermitidae--Glyptotermes--Thailand-Oriental,Oriental,group1,wood,Kalotermitidae,lower,lower,run3,1,Kalotermitidae,THAI112,272-96--Kalotermitidae-Glyptotermes,272-96--Kalotermitidae-Glyptotermes,Glyptotermes
272-97,272-97--THAI114--Kalotermitidae--Glyptotermes-sp-1--Thailand-Oriental,Oriental,group1,wood,Kalotermitidae,lower,lower,run3,1,Kalotermitidae,THAI114,272-97--Kalotermitidae-Glyptotermes-sp1,272-97--Kalotermitidae-Glyptotermes-sp1,Glyptotermes
301-09,301-09--87--Rhinotermitidae--Coptotermes-elisae--New-Guinea-Oceania,Oceania,group1,wood,Rhinotermitidae,lower,lower,run4,1,Heterotermes_Coptotermes,NG87,301-09--Rhinotermitidae-Coptotermes-elisae,301-09--Rhinotermitidae-Coptotermes-elisae,Coptotermes
301-12,301-12--AUS121--Rhinotermitidae--Heterotermes-sp-4--Australia-Australia,Australia,group1,wood,Rhinotermitidae,lower,lower,run4,1,Heterotermes_Coptotermes,AUS121,301-12--Rhinotermitidae-Heterotermes-sp4,301-12--Rhinotermitidae-Heterotermes-sp4,Heterotermes
301-19,301-19--AUS89--Kalotermitidae--Kalotermitidae-sp-A--Australia-Australia,Australia,group1,wood,Kalotermitidae,lower,lower,run4,1,Kalotermitidae,AUS89,301-19--Kalotermitidae-Kalotermitidae-spA,301-19--Kalotermitidae-Kalotermitidae-spA,Kalotermes
301-45,301-45--G13-54--Rhinotermitidae--Dolichorhinotermes-longilabius--French-Guiana-Neo-tropical,Neo-tropical,group1,wood,Rhinotermitidae,lower,lower,run4,1,Rhinotermitidae,G13-54,301-45--Rhinotermitidae-Dolichorhinotermes-longilabius,301-45--Rhinotermitidae-Dolichorhinotermes-longilabius,Dolichorhinotermes
301-49,301-49--G678-2--Kalotermitidae--Rugitermes-sp-A--French-Guiana-Neo-tropical,Neo-tropical,group1,wood,Kalotermitidae,lower,lower,run4,1,Kalotermitidae,G678_2,301-49--Kalotermitidae-Rugitermes-spA,301-49--Kalotermitidae-Rugitermes-spA,Rugitermes
301-55,301-55--H2--Kalotermitidae--Glyptotermes-Okinawa--h2-Japan-Paleo-arctic,Paleo-arctic,group1,wood,Kalotermitidae,lower,lower,run4,1,Kalotermitidae,H2,301-55--Kalotermitidae-Glyptotermes-Okinawa-h2,301-55--Kalotermitidae-Glyptotermes-Okinawa-h2,Glyptotermes
301-63,301-63--NG90--Rhinotermitidae--Prorhinotermes-inopinatus--New-Guinea-Oceania,Oceania,group1,wood,Rhinotermitidae,lower,lower,run4,1,Rhinotermitidae,NG90,301-63--Rhinotermitidae-Prorhinotermes-inopinatus,301-63--Rhinotermitidae-Prorhinotermes-inopinatus,Prorhinotermes
301-70,301-70--RDCT112--Rhinotermitidae--Schedorhinotermes-lamanianus--Congo-Afro-tropical,Afro-tropical,group1,wood,Rhinotermitidae,lower,lower,run4,1,Rhinotermitidae,RDCT112,301-70--Rhinotermitidae-Schedorhinotermes,301-70--Rhinotermitidae-Schedorhinotermes,Schedorhinotermes
301-75,301-75--SA16-13--Hodotermes--Hodotermes--SouthAmerica-Neo-tropical,Neo-tropical,group1,grass,Hodotermes,lower,basal,run4,1,Basal_termites,SA16-13,301-75--Hodotermes-Hodotermes,301-75--Hodotermes-Hodotermes,Hodotermes
301-82,301-82--THAI23--Rhinotermitidae--Parhinotermes-sp-A--Thailand-Oriental,Oriental,group1,wood,Rhinotermitidae,lower,lower,run4,1,Rhinotermitidae,THAI23,301-82--Rhinotermitidae-Parhinotermes-spA,301-82--Rhinotermitidae-Parhinotermes-spA,Parhinotermes
301-90,301-90--THAI98--Rhinotermitidae--Reticulitermes-sp-A--Thailand-Oriental,Oriental,group1,wood,Rhinotermitidae,lower,lower,run4,1,Rhinotermitidae,THAI98,301-90--Rhinotermitidae-Reticulitermes-spA,301-90--Rhinotermitidae-Reticulitermes-spA,Reticulitermes
301-91,301-91--US17--Archotermopsidae--Zootermopsis-nevadensis--USA-Neo-arctic,Neo-arctic,group1,wood,Archotermopsidae,lower,basal,run4,1,Basal_termites,US17,301-91--Archotermopsidae-Zootermopsis-nevadensis,301-91--Archotermopsidae-Zootermopsis-nevadensis,Zootermopsis
301-92,301-92--US1--Rhinotermitidae--Reticulitermes-nelsonae--USA-Neo-arctic,Neo-arctic,group1,wood,Rhinotermitidae,lower,lower,run4,1,Rhinotermitidae,US1,301-92--Rhinotermitidae-Reticulitermes-nelsonae,301-92--Rhinotermitidae-Reticulitermes-nelsonae,Reticulitermes
272-06,272-06--AUS110--Kalotermitidae--Cryptotermes-primus--Australia-Australia,Australia,group1,wood,Kalotermitidae,lower,lower,run3,1,Kalotermitidae,AUS110,272-06--Kalotermitidae-Cryptotermes-primus,Cryptotermes-primus,Cryptotermes
272-08,272-08--AUS117--Kalotermitidae--Cryptotermes-primus--Australia-Australia,Australia,group1,wood,Kalotermitidae,lower,lower,run3,1,Kalotermitidae,AUS117,272-08--Kalotermitidae-Cryptotermes-primus,Cryptotermes-primus,Cryptotermes
301-10,301-10--AUS102--Kalotermitidae--Kalotermitidae-sp-H--Australia-Australia,Australia,group1,wood,Kalotermitidae,lower,lower,run4,1,Kalotermitidae,AUS102,301-10--Kalotermitidae-Kalotermitidae-sp-H,Kalotermitidae-spC,Neotermes
301-20,301-20--AUS-91--Kalotermitidae--Kalotermitidae-sp-C--Australia-Australia,Australia,group1,wood,Kalotermitidae,lower,lower,run4,1,Kalotermitidae,AUS91,301-20--Kalotermitidae-Kalotermitidae-sp-C,Kalotermitidae-spC,Neotermes
229-07,229-07--Msp-RNA-1--Microcerotermes--Microcerotermes--South-East-Asia-Oriental,Oriental,group2,wood,Microcerotermes,higher,higher,run1,2,Termitinae_groupB,Msp_RNA_1,229-07--Microcerotermes-Microcerotermes,229-07--Microcerotermes-Microcerotermes,Microcerotermes
230-05,230-05--TBRU514A--Termitinae--Prohamitermes--Brunei-Oriental,Oriental,group2,wood,Termitinae,higher,higher,run2,2,Termitinae_groupD,TBRU5.14A,230-05--Termitinae-Prohamitermes,230-05--Termitinae-Prohamitermes,Prohamitermes
230-09,230-09--BDIT072--Macrotermitinae--Macrotermes-subhyalinus--Burundi-Afro-tropical,Afro-tropical,group2,fungus-growing,Macrotermitinae,higher,higher,run2,5,Macrotermitinae,BDIT072,230-09--Macrotermitinae-Macrotermes-subhyalinus,230-09--Macrotermitinae-Macrotermes-subhyalinus,Macrotermes
230-11,230-11--60--Nasutitermitinae--Nasutitermes-gracilirostris--New-Guinea-Oceania,Oceania,group2,wood,Nasutitermitinae,higher,higher,run2,2,Nasutitermitinae,NG60,230-11--Nasutitermitinae-Nasutitermes-gracilirostris,230-11--Nasutitermitinae-Nasutitermes-gracilirostris,Nasutitermes
230-13,230-13--THAI43--Nasutitermitinae--Nasutitermes-sp-3--Thailand-Oriental,Oriental,group2,wood,Nasutitermitinae,higher,higher,run2,2,Nasutitermitinae,THAI43,230-13--Nasutitermitinae-Nasutitermes-sp3,230-13--Nasutitermitinae-Nasutitermes-sp3,Nasutitermes
230-16,230-16--MAD15-54--Microcerotermes--Microcerotermes-mad-sp-H--Madagascar-Madagascar,Madagascar,group2,wood,Microcerotermes,higher,higher,run2,2,Termitinae_groupB,MAD15-54,230-16--Microcerotermes-Microcerotermes-mad-spH,230-16--Microcerotermes-Microcerotermes-mad-spH,Microcerotermes
230-19,230-19--G13-62--Syntermitinae--Cornitermes-sp-A--French-Guiana-Neo-tropical,Neo-tropical,group2,wood,Syntermitinae,higher,higher,run2,2,Syntermitinae,G13_62,230-19--Syntermitinae-Cornitermes-spA,230-19--Syntermitinae-Cornitermes-spA,Cornitermes
230-22,230-22--RDCT165--Sphaerotermitinae--Sphaerotermes-sphaerothorax--Congo-Afro-tropical,Afro-tropical,group2,wood-bacterial-comb,Sphaerotermitinae,higher,higher,run2,2,Macrotermitinae,RDCT165,230-22--Sphaerotermitinae-Sphaerotermes-sphaerothorax,230-22--Sphaerotermitinae-Sphaerotermes-sphaerothorax,Sphaerotermes
272-04,272-04--48--Microcerotermes--Microcerotermes-papuanus--New-Guinea-Oceania,Oceania,group2,wood,Microcerotermes,higher,higher,run3,2,Termitinae_groupB,48,272-04--Microcerotermes-Microcerotermes-papuanus,272-04--Microcerotermes-Microcerotermes-papuanus,Microcerotermes
272-09,272-09--AUS13--Microcerotermes--Microcerotermes-sp--Australia-Australia,Australia,group2,wood,Microcerotermes,higher,higher,run3,2,Termitinae_groupB,AUS13,272-09--Microcerotermes-Microcerotermes-sp,272-09--Microcerotermes-Microcerotermes-sp,Microcerotermes
272-101,272-101--THAI055--Microcerotermes--Microcerotermes-sp-B--Thailand-Oriental,Oriental,group2,wood,Microcerotermes,higher,higher,run3,2,Termitinae_groupB,THAI055,272-101--Microcerotermes-Microcerotermes-spB,272-101--Microcerotermes-Microcerotermes-spB,Microcerotermes
272-10,272-10--AUS32--Microcerotermes--Microcerotermes-sp--Australia-Australia,Australia,group2,wood,Microcerotermes,higher,higher,run3,2,Termitinae_groupB,AUS32,272-10--Microcerotermes-Microcerotermes-sp,272-10--Microcerotermes-Microcerotermes-sp,Microcerotermes
272-13,272-13--AUS6--Microcerotermes--Microcerotermes-nervosus--Australia-Australia,Australia,group2,wood,Microcerotermes,higher,higher,run3,2,Termitinae_groupB,AUS6,272-13--Microcerotermes-Microcerotermes-nervosus,272-13--Microcerotermes-Microcerotermes-nervosus,Microcerotermes
272-14,272-14--AUS71--Microcerotermes--Microcerotermes-sp-G--Australia-Australia,Australia,group2,wood,Microcerotermes,higher,higher,run3,2,Termitinae_groupB,AUS71,272-14--Microcerotermes-Microcerotermes-spG,272-14--Microcerotermes-Microcerotermes-spG,Microcerotermes
272-15,272-15--AUS82--Microcerotermes--Microcerotermes-sp-I--Australia-Australia,Australia,group2,wood,Microcerotermes,higher,higher,run3,2,Termitinae_groupB,AUS82,272-15--Microcerotermes-Microcerotermes-spI,272-15--Microcerotermes-Microcerotermes-spI,Microcerotermes
272-19,272-19--BDIT102--Microcerotermes--Microcerotermes-fuscotibialis--Burundi-Afro-tropical,Afro-tropical,group2,wood,Microcerotermes,higher,higher,run3,2,Termitinae_groupB,BDIT102,272-19--Microcerotermes-Microcerotermes-fuscotibialis,272-19--Microcerotermes-Microcerotermes-fuscotibialis,Microcerotermes
272-21,272-21--BDIT041--Nasutitermitinae--Nasutitermes--Burundi-Afro-tropical,Afro-tropical,group2,wood,Nasutitermitinae,higher,higher,run3,2,Nasutitermitinae,BDIT041,272-21--Nasutitermitinae-Nasutitermes-Burundi,272-21--Nasutitermitinae-Nasutitermes-Burundi,Nasutitermes
272-25,272-25--BRU6--Nasutitermitinae--Nasutitermes--Brunei-Oriental,Oriental,group2,wood,Nasutitermitinae,higher,higher,run3,2,Nasutitermitinae,BRU6,272-25--Nasutitermitinae-Nasutitermes,272-25--Nasutitermitinae-Nasutitermes,Nasutitermes
272-26,272-26--CAM16-02a--Macrotermitinae--Acanthotermes--Cameroon-Afro-tropical,Afro-tropical,group2,fungus-growing,Macrotermitinae,higher,higher,run3,5,Macrotermitinae,CAM16-02a,272-26--Macrotermitinae-Acanthotermes,272-26--Macrotermitinae-Acanthotermes,Acanthotermes
272-33,272-33--FG-ND02-38--Microcerotermes--Microcerotermes-sp-SA--French-Guiana-Neo-tropical,Neo-tropical,group2,wood,Microcerotermes,higher,higher,run3,2,Termitinae_groupB,FG-ND02-38,272-33--Microcerotermes-Microcerotermes-sp-SA,272-33--Microcerotermes-Microcerotermes-sp-SA,Microcerotermes
272-34,272-34--FG-ND02-39--Microcerotermes--Microcerotermes-sp-SC--French-Guiana-Neo-tropical,Neo-tropical,group2,wood,Microcerotermes,higher,higher,run3,2,Termitinae_groupB,FG-ND02-39,272-34--Microcerotermes-Microcerotermes-sp-SC,272-34--Microcerotermes-Microcerotermes-sp-SC,Microcerotermes
272-39,272-39--G13-24--Termitinae--Cylindrotermes--French-Guiana-Neo-tropical,Neo-tropical,group2,wood,Termitinae,higher,higher,run3,2,Termitinae_groupA,G13-24,272-39--Termitinae-Cylindrotermes,272-39--Termitinae-Cylindrotermes,Cylindrotermes
272-43,272-43--G-13-58--Microcerotermes--Microcerotermes--French-Guiana-Neo-tropical,Neo-tropical,group2,wood,Microcerotermes,higher,higher,run3,2,Termitinae_groupB,G13-58,272-43--Microcerotermes-Microcerotermes,272-43--Microcerotermes-Microcerotermes,Microcerotermes
272-45,272-45--G689--Microcerotermes--Microcerotermes-sp--French-Guiana-Neo-tropical,Neo-tropical,group2,wood,Microcerotermes,higher,higher,run3,2,Termitinae_groupB,G689,272-45--Microcerotermes-Microcerotermes-sp,272-45--Microcerotermes-Microcerotermes-sp,Microcerotermes
272-50,272-50--KE15-44--Nasutitermitinae--Trinervitermes-gratiosus--Kenya-Afro-tropical,Afro-tropical,group2,grass,Nasutitermitinae,higher,higher,run3,2,Nasutitermitinae,KE15-44,272-50--Nasutitermitinae-Trinervitermes-gratiosus,272-50--Nasutitermitinae-Trinervitermes-gratiosus,Trinervitermes
272-52,272-52--MAD15-104--Microcerotermes--Microcerotermes-mad-sp-C--Madagascar-Madagascar,Madagascar,group2,wood,Microcerotermes,higher,higher,run3,2,Termitinae_groupB,MAD15-104,272-52--Microcerotermes-Microcerotermes-mad-spC,272-52--Microcerotermes-Microcerotermes-mad-spC,Microcerotermes
272-53,272-53--MAD15-113--Microcerotermes--Microcerotermes-mad-sp-G--Madagascar-Madagascar,Madagascar,group2,wood,Microcerotermes,higher,higher,run3,2,Termitinae_groupB,MAD15-113,272-53--Microcerotermes-Microcerotermes-mad-spG,272-53--Microcerotermes-Microcerotermes-mad-spG,Microcerotermes
272-54,272-54--MAD15-130--Microcerotermes--Microcerotermes-mad-sp-B--Madagascar-Madagascar,Madagascar,group2,wood,Microcerotermes,higher,higher,run3,2,Termitinae_groupB,MAD15-130,272-54--Microcerotermes-Microcerotermes-mad-spB,272-54--Microcerotermes-Microcerotermes-mad-spB,Microcerotermes
272-55,272-55--MAD15-136--Microcerotermes--Microcerotermes-mad-sp-G--Madagascar-Madagascar,Madagascar,group2,wood,Microcerotermes,higher,higher,run3,2,Termitinae_groupB,MAD15-136,272-55--Microcerotermes-Microcerotermes-mad-spG,272-55--Microcerotermes-Microcerotermes-mad-spG,Microcerotermes
272-56,272-56--MAD15-139--Microcerotermes--Microcerotermes-mad-sp-L--Madagascar-Madagascar,Madagascar,group2,wood,Microcerotermes,higher,higher,run3,2,Termitinae_groupB,MAD15-139,272-56--Microcerotermes-Microcerotermes-mad-spL,272-56--Microcerotermes-Microcerotermes-mad-spL,Microcerotermes
272-57,272-57--MAD15-148--Microcerotermes--Microcerotermes-mad-sp-F--Madagascar-Madagascar,Madagascar,group2,wood,Microcerotermes,higher,higher,run3,2,Termitinae_groupB,MAD15-148,272-57--Microcerotermes-Microcerotermes-mad-spF,272-57--Microcerotermes-Microcerotermes-mad-spF,Microcerotermes
272-58,272-58--MAD15-151--Microcerotermes--Microcerotermes-mad-sp-M--Madagascar-Madagascar,Madagascar,group2,wood,Microcerotermes,higher,higher,run3,2,Termitinae_groupB,MAD15-151,272-58--Microcerotermes-Microcerotermes-mad-spM,272-58--Microcerotermes-Microcerotermes-mad-spM,Microcerotermes
272-59,272-59--MAD15-169--Microcerotermes--Microcerotermes-mad-sp-D--Madagascar-Madagascar,Madagascar,group2,wood,Microcerotermes,higher,higher,run3,2,Termitinae_groupB,MAD15-169,272-59--Microcerotermes-Microcerotermes-mad-spD,272-59--Microcerotermes-Microcerotermes-mad-spD,Microcerotermes
272-60,272-60--MAD15-21--Microcerotermes--Microcerotermes-mad-sp-D--Madagascar-Madagascar,Madagascar,group2,wood,Microcerotermes,higher,higher,run3,2,Termitinae_groupB,MAD15-21,272-60--Microcerotermes-Microcerotermes-mad-spD,272-60--Microcerotermes-Microcerotermes-mad-spD,Microcerotermes
272-61,272-61--MAD15-2--Kalotermitidae--Bifiditermes--Madagascar-Madagascar,Madagascar,group2,wood,Kalotermitidae,lower,lower,run3,2,Kalotermitidae,MAD15-2,272-61--Kalotermitidae-Bifiditermes,272-61--Kalotermitidae-Bifiditermes,Bifiditermes
272-62,272-62--MAD15-59--Microcerotermes--Microcerotermes-mad-sp-F--Madagascar-Madagascar,Madagascar,group2,wood,Microcerotermes,higher,higher,run3,2,Termitinae_groupB,MAD15-59,272-62--Microcerotermes-Microcerotermes-mad-spF,272-62--Microcerotermes-Microcerotermes-mad-spF,Microcerotermes
272-63,272-63--MAD15-5--Microcerotermes--Microcerotermes-mad-sp-E--Madagascar-Madagascar,Madagascar,group2,wood,Microcerotermes,higher,higher,run3,2,Termitinae_groupB,MAD15-5,272-63--Microcerotermes-Microcerotermes-mad-spE,272-63--Microcerotermes-Microcerotermes-mad-spE,Microcerotermes
272-64,272-64--MAD15-62--Microcerotermes--Microcerotermes-mad-sp-F--Madagascar-Madagascar,Madagascar,group2,wood,Microcerotermes,higher,higher,run3,2,Termitinae_groupB,MAD15-62,272-64--Microcerotermes-Microcerotermes-mad-spF,272-64--Microcerotermes-Microcerotermes-mad-spF,Microcerotermes
272-65,272-65--MAD15-63--Microcerotermes--Microcerotermes-mad-sp-N--Madagascar-Madagascar,Madagascar,group2,wood,Microcerotermes,higher,higher,run3,2,Termitinae_groupB,MAD15-63,272-65--Microcerotermes-Microcerotermes-mad-spN,272-65--Microcerotermes-Microcerotermes-mad-spN,Microcerotermes
272-66,272-66--MAD15-76--Microcerotermes--Microcerotermes-mad-sp-G--Madagascar-Madagascar,Madagascar,group2,wood,Microcerotermes,higher,higher,run3,2,Termitinae_groupB,MAD15-76,272-66--Microcerotermes-Microcerotermes-mad-spG,272-66--Microcerotermes-Microcerotermes-mad-spG,Microcerotermes
272-67,272-67--MAD15-85--Microcerotermes--Microcerotermes-mad-sp-A--Madagascar-Madagascar,Madagascar,group2,wood,Microcerotermes,higher,higher,run3,2,Termitinae_groupB,MAD15-85,272-67--Microcerotermes-Microcerotermes-mad-spA,272-67--Microcerotermes-Microcerotermes-mad-spA,Microcerotermes
272-68,272-68--MAD15-86--Microcerotermes--Microcerotermes-mad-sp-K--Madagascar-Madagascar,Madagascar,group2,wood,Microcerotermes,higher,higher,run3,2,Termitinae_groupB,MAD15-86,272-68--Microcerotermes-Microcerotermes-mad-spK,272-68--Microcerotermes-Microcerotermes-mad-spK,Microcerotermes
272-77,272-77--RDCT033--Microcerotermes--Microcerotermes-fuscotibialis--Congo-Afro-tropical,Afro-tropical,group2,wood,Microcerotermes,higher,higher,run3,2,Termitinae_groupB,RDCT033,272-77--Microcerotermes-Microcerotermes-fuscotibialis,272-77--Microcerotermes-Microcerotermes-fuscotibialis,Microcerotermes
272-82,272-82--RDCT106--Nasutitermitinae--Nasutitermes-lujae--Congo-Afro-tropical,Afro-tropical,group2,wood,Nasutitermitinae,higher,higher,run3,2,Nasutitermitinae,RDCT106,272-82--Nasutitermitinae-Nasutitermes-lujae,272-82--Nasutitermitinae-Nasutitermes-lujae,Nasutitermes
272-83,272-83--RDCT109--Macrotermitinae--Pseudacanthotermes-militaris--Congo-Afro-tropical,Afro-tropical,group2,fungus-growing,Macrotermitinae,higher,higher,run3,5,Macrotermitinae,RDCT109,272-83--Macrotermitinae-Pseudacanthotermes-militaris,272-83--Macrotermitinae-Pseudacanthotermes-militaris,Pseudacanthotermes
272-86,272-86--RDCT180--Termitinae--Cephalotermes--Congo-Afro-tropical,Afro-tropical,group2,wood,Termitinae,higher,higher,run3,2,Termitinae_groupA,RDCT180,272-86--Termitinae-Cephalotermes,272-86--Termitinae-Cephalotermes,Cephalotermes
272-87,272-87--SAF5--Macrotermitinae--Allodontotermes-schultzei--South-Africa-Afro-tropical,Afro-tropical,group2,fungus-growing,Macrotermitinae,higher,higher,run3,5,Macrotermitinae,SAF5,272-87--Macrotermitinae-Allodontotermes-schultzei,272-87--Macrotermitinae-Allodontotermes-schultzei,Allodontotermes
272-89,272-89--T2-IC--Microcerotermes--Microcerotermes-havilandi--Singapore-Oriental,Oriental,group2,wood,Microcerotermes,higher,higher,run3,2,Termitinae_groupB,T2-IC,272-89--Microcerotermes-Microcerotermes-havilandi,272-89--Microcerotermes-Microcerotermes-havilandi,Microcerotermes
272-91,272-91--T614--Microcerotermes--Microcerotermes--Singapore-Oriental,Oriental,group2,wood,Microcerotermes,higher,higher,run3,2,Termitinae_groupB,T614,272-91--Microcerotermes-Microcerotermes,272-91--Microcerotermes-Microcerotermes,Microcerotermes
272-93,272-93--TBRU711D--Termitinae--Orientotermes--Brunei-Oriental,Oriental,group2,wood,Termitinae,higher,higher,run3,2,Termitinae_groupA,TBRU7.11D,272-93--Termitinae-Orientotermes,272-93--Termitinae-Orientotermes,Orientotermes
272-95,272-95--TBRU912E--Microcerotermes--Microcerotermes-serrula--Brunei-Oriental,Oriental,group2,wood,Microcerotermes,higher,higher,run3,2,Termitinae_groupB,TBRU912E,272-95--Microcerotermes-Microcerotermes-serrula,272-95--Microcerotermes-Microcerotermes-serrula,Microcerotermes
272-98,272-98--THAI49--Termitinae--Amitermes--Thailand-Oriental,Oriental,group2,wood,Termitinae,higher,higher,run3,2,Termitinae_groupD,THAI49,272-98--Termitinae-Amitermes,272-98--Termitinae-Amitermes,Amitermes
272-99,272-99--THAI50--Macrotermitinae--Macrotermes--Thailand-Oriental,Oriental,group2,fungus-growing,Macrotermitinae,higher,higher,run3,5,Macrotermitinae,THAI50,272-99--Macrotermitinae-Macrotermes,272-99--Macrotermitinae-Macrotermes,Macrotermes
301-07,301-07--69--Nasutitermitinae--Nasutitermes-bikpelanus--New-Guinea-Oceania,Oceania,group2,wood,Nasutitermitinae,higher,higher,run4,2,Nasutitermitinae,NG69,301-07--Nasutitermitinae-Nasutitermes-bikpelanus,301-07--Nasutitermitinae-Nasutitermes-bikpelanus,Nasutitermes
301-11,301-11--AUS114--Microcerotermes--Microcerotermes-sp-H--Australia-Australia,Australia,group2,wood,Microcerotermes,higher,higher,run3,2,Termitinae_groupB,AUS114,301-11--Microcerotermes-Microcerotermes-spH,301-11--Microcerotermes-Microcerotermes-spH,Microcerotermes
301-14,301-14--AUS49--Nasutitermitinae--Nasutitermes-sp-G--Australia-Australia,Australia,group2,wood,Nasutitermitinae,higher,higher,run4,2,Nasutitermitinae,AUS49,301-14--Nasutitermitinae-Nasutitermes-spG,301-14--Nasutitermitinae-Nasutitermes-spG,Tumulitermes
301-15,301-15--AUS4--Termitinae--Amitermes-meridionalis--Australia-Australia,Australia,group2,grass,Termitinae,higher,higher,run4,2,Termitinae_groupD,AUS4,301-15--Termitinae-Amitermes-meridionalis,301-15--Termitinae-Amitermes-meridionalis,Amitermes
301-16,301-16--AUS54--Nasutitermitinae--Nasutitermes-triodiae--Australia-Australia,Australia,group2,grass,Nasutitermitinae,higher,higher,run4,2,Nasutitermitinae,AUS54,301-16--Nasutitermitinae-Nasutitermes-triodiae,301-16--Nasutitermitinae-Nasutitermes-triodiae,Nasutitermes
301-18,301-18--AUS62--Nasutitermitinae--Nasutitermes-graveolus--Australia-Australia,Australia,group2,wood,Nasutitermitinae,higher,higher,run4,2,Nasutitermitinae,AUS62,301-18--Nasutitermitinae-Nasutitermes-graveolus,301-18--Nasutitermitinae-Nasutitermes-graveolus,Nasutitermes
301-24,301-24--BDIT094--Nasutitermitinae--Trinervitermes-sp--Burundi-Afro-tropical,Afro-tropical,group2,grass,Nasutitermitinae,higher,higher,run4,2,Nasutitermitinae,BDIT094,301-24--Nasutitermitinae-Trinervitermes-sp,301-24--Nasutitermitinae-Trinervitermes-sp,Trinervitermes
301-30,301-30--BDIT086--Macrotermitinae--Odontotermes-sp--Burundi-Afro-tropical,Afro-tropical,group2,fungus-growing,Macrotermitinae,higher,higher,run4,5,Macrotermitinae,BDIT086,301-30--Macrotermitinae-Odontotermes-sp,301-30--Macrotermitinae-Odontotermes-sp,Odontotermes
301-31,301-31--BRA11-2--Syntermitinae--Syntermes-grandis--Brazil-Neo-tropical,Neo-tropical,group2,litter,Syntermitinae,higher,higher,run4,2,Syntermitinae,BRA11_2,301-31--Syntermitinae-Syntermes-grandis,301-31--Syntermitinae-Syntermes-grandis,Syntermes
301-32,301-32--BRA1--Nasutitermitinae--Constrictotermes-ciphergaster--Brazil-Neo-tropical,Neo-tropical,group2,lychen,Nasutitermitinae,higher,higher,run4,2,Nasutitermitinae,BRA1,301-32--Nasutitermitinae-Constrictotermes-ciphergaster,301-32--Nasutitermitinae-Constrictotermes-ciphergaster,Constrictotermes
301-34,301-34--BRA3--Syntermitinae--Cornitermes-cumulans--Brazil-Neo-tropical,Neo-tropical,group2,wood,Syntermitinae,higher,higher,run4,2,Syntermitinae,BRA3,301-34--Syntermitinae-Cornitermes-cumulans,301-34--Syntermitinae-Cornitermes-cumulans,Cornitermes
301-36,301-36--BRA9--Syntermitinae--Rhynchotermes-nasutissimus--Brazil-Neo-tropical,Neo-tropical,group2,litter,Syntermitinae,higher,higher,run4,2,Syntermitinae,BRA9,301-36--Syntermitinae-Rhynchotermes-nasutissimus,301-36--Syntermitinae-Rhynchotermes-nasutissimus,Rhynchotermes
301-44,301-44--G13-48--Nasutitermitinae--Constrictotermes-cavifrons--French-Guiana-Neo-tropical,Neo-tropical,group2,lychen,Nasutitermitinae,higher,higher,run4,2,Nasutitermitinae,G13-48,301-44--Nasutitermitinae-Constrictotermes-cavifrons,301-44--Nasutitermitinae-Constrictotermes-cavifrons,Constrictotermes
301-54,301-54--G733--Nasutitermitinae--Nasutitermes-macrocephalus--French-Guiana-Neo-tropical,Neo-tropical,group2,wood,Nasutitermitinae,higher,higher,run4,2,Nasutitermitinae,G733,301-54--Nasutitermitinae-Nasutitermes-macrocephalus,301-54--Nasutitermitinae-Nasutitermes-macrocephalus,Nasutitermes
301-58,301-58--MAD15-116--Microcerotermes--Microcerotermes-mad-sp-H--Madagascar-Madagascar,Madagascar,group2,wood,Microcerotermes,higher,higher,run3,2,Termitinae_groupB,MAD15-116,301-58--Microcerotermes-Microcerotermes-mad-spH,301-58--Microcerotermes-Microcerotermes-mad-spH,Microcerotermes
301-59,301-59--MAD15-16--Microcerotermes--Microcerotermes-mad-sp-C--Madagascar-Madagascar,Madagascar,group2,wood,Microcerotermes,higher,higher,run3,2,Termitinae_groupB,MAD15-16,301-59--Microcerotermes-Microcerotermes-mad-spC,301-59--Microcerotermes-Microcerotermes-mad-spC,Microcerotermes
301-60,301-60--MAD15-66--Microcerotermes--Microcerotermes-mad-sp-E--Madagascar-Madagascar,Madagascar,group2,wood,Microcerotermes,higher,higher,run3,2,Termitinae_groupB,MAD15-66,301-60--Microcerotermes-Microcerotermes-mad-spE,301-60--Microcerotermes-Microcerotermes-mad-spE,Microcerotermes
301-61,301-61--MAD15-71--Microcerotermes--Microcerotermes-mad-sp-B--Madagascar-Madagascar,Madagascar,group2,wood,Microcerotermes,higher,higher,run3,2,Termitinae_groupB,MAD15-71,301-61--Microcerotermes-Microcerotermes-mad-spB,301-61--Microcerotermes-Microcerotermes-mad-spB,Microcerotermes
301-64,301-64--NSW6--Nasutitermitinae--Occasitermes--Australia-Australia,Australia,group2,grass,Nasutitermitinae,higher,higher,run4,2,Nasutitermitinae,NSW6,301-64--Nasutitermitinae-Occasitermes,301-64--Nasutitermitinae-Occasitermes,Occasitermes
301-72,301-72--RDCT144--Macrotermitinae--Odontotermes-sp-D--Congo-Afro-tropical,Afro-tropical,group2,fungus-growing,Macrotermitinae,higher,higher,run4,5,Macrotermitinae,RDCT144,301-72--Macrotermitinae-Odontotermes-spD,301-72--Macrotermitinae-Odontotermes-spD,Odontotermes
301-80,301-80--THAI100--Nasutitermitinae--Bulbitermes-nr-laticephalus--Thailand-Oriental,Oriental,group2,wood,Nasutitermitinae,higher,higher,run4,2,Nasutitermitinae,THAI100,301-80--Nasutitermitinae-Bulbitermes-nr-laticephalus,301-80--Nasutitermitinae-Bulbitermes-nr-laticephalus,Bulbitermes
301-86,301-86--THAI064--Macrotermitinae--Odontotermes-javanicus--Thailand-Oriental,Oriental,group2,fungus-growing,Macrotermitinae,higher,higher,run4,5,Macrotermitinae,THAI064,301-86--Macrotermitinae-Odontotermes-javanicus,301-86--Macrotermitinae-Odontotermes-javanicus,Odontotermes
301-87,301-87--THAI067--Nasutitermitinae--Hospitalitermes-sp-C--Thailand-Oriental,Oriental,group2,lychen,Nasutitermitinae,higher,higher,run4,2,Nasutitermitinae,THAI067,301-87--Nasutitermitinae-Hospitalitermes-spC,301-87--Nasutitermitinae-Hospitalitermes-spC,Hospitalitermes
301-88,301-88--THAI071--Macrotermitinae--Macrotermes-annalandai--Thailand-Oriental,Oriental,group2,fungus-growing,Macrotermitinae,higher,higher,run4,5,Macrotermitinae,THAI071,301-88--Macrotermitinae-Macrotermes-annalandai,301-88--Macrotermitinae-Macrotermes-annalandai,Macrotermes
230-15,230-15--D2-34--Microcerotermes--Microcerotermes-biroi--New-Guinea-Oceania,Oceania,group2,wood,Microcerotermes,higher,higher,run2,2,Termitinae_groupB,D2-34,230-15--Microcerotermes-Microcerotermes-biroi,Microcerotermes-biroi,Microcerotermes
272-01,272-01--10-2--Microcerotermes--Microcerotermes-biroi--New-Guinea,Oceania,group2,wood,Microcerotermes,higher,higher,run3,2,Termitinae_groupB,NG10,272-01--Microcerotermes-Microcerotermes-biroi,Microcerotermes-biroi,Microcerotermes
272-05,272-05--71--Microcerotermes--Microcerotermes-biroi--New-Guinea-Oceania,Oceania,group2,wood,Microcerotermes,higher,higher,run3,2,Termitinae_groupB,71,272-05--Microcerotermes-Microcerotermes-biroi,Microcerotermes-biroi,Microcerotermes
272-100,272-100--THAI54--Microcerotermes--Microcerotermes-crassus--Thailand-Oriental,Oriental,group2,wood,Microcerotermes,higher,higher,run3,2,Termitinae_groupB,THAI54,272-100--Microcerotermes-Microcerotermes-crassus,Microcerotermes-crassus,Microcerotermes
272-104,272-104--TP114A--Microcerotermes--Microcerotermes-crassus--Malaysia-Oriental,Oriental,group2,wood,Microcerotermes,higher,higher,run3,2,Termitinae_groupB,TP114A,272-104--Microcerotermes-Microcerotermes-crassus,Microcerotermes-crassus,Microcerotermes
272-69,272-69--MAL22--Microcerotermes--Microcerotermes-crassus--Malaysia-Oriental,Oriental,group2,wood,Microcerotermes,higher,higher,run3,2,Termitinae_groupB,MAL22,272-69--Microcerotermes-Microcerotermes-crassus,Microcerotermes-crassus,Microcerotermes
272-70,272-70--MAL37--Microcerotermes--Microcerotermes-crassus--Malaysia-Oriental,Oriental,group2,wood,Microcerotermes,higher,higher,run3,2,Termitinae_groupB,MAL37,272-70--Microcerotermes-Microcerotermes-crassus,Microcerotermes-crassus,Microcerotermes
230-17,230-17--TBRU318a--Microcerotermes--Microcerotermes-nr-havilandi--Brunei-Oriental,Oriental,group2,wood,Microcerotermes,higher,higher,run2,2,Termitinae_groupB,TBRU318a,230-17--Microcerotermes-Microcerotermes-nr-havilandi,Microcerotermes-nr,Microcerotermes
301-77,301-77--TBRU414--Microcerotermes--Microcerotermes-nr-havilandi--Brunei-Oriental,Oriental,group2,wood,Microcerotermes,higher,higher,run3,2,Termitinae_groupB,TBRU414,301-77--Microcerotermes-Microcerotermes-nr-havilandi,Microcerotermes-nr,Microcerotermes
230-12,230-12--81--Microcerotermes--Microcerotermes-papuanus--New-Guinea-Oceania,Oceania,group2,wood,Microcerotermes,higher,higher,run2,2,Termitinae_groupB,NG81,230-12--Microcerotermes-Microcerotermes-papuanus,Microcerotermes-papuanus,Microcerotermes
272-02,272-02--28--Microcerotermes--Microcerotermes-papuanus--New-Guinea-Oceania,Oceania,group2,wood,Microcerotermes,higher,higher,run3,2,Termitinae_groupB,28,272-02--Microcerotermes-Microcerotermes-papuanus,Microcerotermes-papuanus,Microcerotermes
301-08,301-08--81-2--Microcerotermes--Microcerotermes-papuanus--New-Guinea-Oceania,Oceania,group2,wood,Microcerotermes,higher,higher,run3,2,Termitinae_groupB,NG81,301-08--Microcerotermes-Microcerotermes-papuanus,Microcerotermes-papuanus,Microcerotermes
230-14,230-14--RDCT055--Microcerotermes--Microcerotermes-parvus--Congo-Afro-tropical,Afro-tropical,group2,wood,Microcerotermes,higher,higher,run2,2,Termitinae_groupB,RDCT055,230-14--Microcerotermes-Microcerotermes-parvus,Microcerotermes-parvus,Microcerotermes
272-79,272-79--RDCT053--Microcerotermes--Microcerotermes-parvus--Congo-Afro-tropical,Afro-tropical,group2,wood,Microcerotermes,higher,higher,run3,2,Termitinae_groupB,RDCT053,272-79--Microcerotermes-Microcerotermes-parvus,Microcerotermes-parvus,Microcerotermes
272-84,272-84--RDCT119--Microcerotermes--Microcerotermes-parvus--Congo-Afro-tropical,Afro-tropical,group2,wood,Microcerotermes,higher,higher,run3,2,Termitinae_groupB,RDCT119,272-84--Microcerotermes-Microcerotermes-parvus,Microcerotermes-parvus,Microcerotermes
272-85,272-85--RDCT134--Microcerotermes--Microcerotermes-parvus--Congo-Afro-tropical,Afro-tropical,group2,wood,Microcerotermes,higher,higher,run3,2,Termitinae_groupB,RDCT134,272-85--Microcerotermes-Microcerotermes-parvus,Microcerotermes-parvus,Microcerotermes
301-29,301-29--BDIT45--Microcerotermes--Microcerotermes-parvus--Burundi-Afro-tropical,Afro-tropical,group2,wood,Microcerotermes,higher,higher,run3,2,Termitinae_groupB,BDIT45,301-29--Microcerotermes-Microcerotermes-parvus,Microcerotermes-parvus,Microcerotermes
230-03,230-03--PHI8--Microcerotermes--Microcerotermes--Philippines-Oriental,Oriental,group2,wood,Microcerotermes,higher,higher,run2,2,Termitinae_groupB,PHI8,230-03--Microcerotermes-Microcerotermes,Microcerotermes-phllippines,Microcerotermes
272-75,272-75--PHI1--Microcerotermes--Microcerotermes--Philippines-Oriental,Oriental,group2,wood,Microcerotermes,higher,higher,run3,2,Termitinae_groupB,PHI1,272-75--Microcerotermes-Microcerotermes,Microcerotermes-phllippines,Microcerotermes
272-12,272-12--AUS66--Microcerotermes--Microcerotermes-sp-E--Australia-Australia,Australia,group2,wood,Microcerotermes,higher,higher,run3,2,Termitinae_groupB,AUS66,272-12--Microcerotermes-Microcerotermes-sp-E,Microcerotermes-spE,Microcerotermes
301-17,301-17--AUS66--Microcerotermes--Microcerotermes-sp-E--Australia-Australia,Australia,group2,wood,Microcerotermes,higher,higher,run3,2,Termitinae_groupB,AUS66,301-17--Microcerotermes-Microcerotermes-sp-E,Microcerotermes-spE,Microcerotermes
230-01,230-01--CAM16-18--Nasutitermitinae--Leptomixotermes--Cameroon-Afro-tropical,Afro-tropical,group3,soil,Nasutitermitinae,higher,higher,run2,3,Nasutitermitinae,CAM16_18,230-01--Nasutitermitinae-Leptomixotermes,230-01--Nasutitermitinae-Leptomixotermes,Leptomixotermes
230-06,230-06--G13-23--Syntermitinae--Embiratermes-brevinasus--French-Guiana-Neo-tropical,Neo-tropical,group3,soil,Syntermitinae,higher,higher,run2,3,Syntermitinae,G13-23,230-06--Syntermitinae-Embiratermes-brevinasus,230-06--Syntermitinae-Embiratermes-brevinasus,Embiratermes
230-21,230-21--TBRU814E--Foraminitermitinae--Labritermes-buttelreepeni--Brunei-Oriental,Oriental,group3,soil,Foraminitermitinae,higher,higher,run2,3,Foraminitermitinae,TBRU8.14E,230-21--Foraminitermitinae-Labritermes-buttelreepeni,230-21--Foraminitermitinae-Labritermes-buttelreepeni,Labritermes
230-23,230-23--BDIT062--Apicotermitinae--Acholotermes-chirotus--Burundi-Afro-tropical,Afro-tropical,group3,soil,Apicotermitinae,higher,higher,run2,3,Apicotermitinae,BDIT062,230-23--Apicotermitinae-Acholotermes-chirotus,230-23--Apicotermitinae-Acholotermes-chirotus,Acholotermes
272-20,272-20--BDIT108-2--Foraminitermitinae--Foraminitermes-rhinoceros--Burundi-Afro-tropical,Afro-tropical,group3,soil,Foraminitermitinae,higher,higher,run3,3,Foraminitermitinae,BDIT108_2,272-20--Foraminitermitinae-Foraminitermes-rhinoceros,272-20--Foraminitermitinae-Foraminitermes-rhinoceros,Foraminitermes
272-22,272-22--BDIT49--Apicotermitinae--Aderitotermes--Burundi-Afro-tropical,Afro-tropical,group3,soil,Apicotermitinae,higher,higher,run3,3,Apicotermitinae,BDIT49,272-22--Apicotermitinae-Aderitotermes-Burundi,272-22--Apicotermitinae-Aderitotermes-Burundi,Aderitotermes
272-35,272-35--G13-105--Termitinae--Termes-fatalis--French-Guiana-Neo-tropical,Neo-tropical,group3,soil,Termitinae,higher,higher,run3,3,Termitinae_groupC,G13-105,272-35--Termitinae-Termes-fatalis,272-35--Termitinae-Termes-fatalis,Termes
272-36,272-36--G13-112--Termitinae--Cavitermes-cavifrons--French-Guiana-Neo-tropical,Neo-tropical,group3,soil,Termitinae,higher,higher,run3,3,Termitinae_groupC,G13-112,272-36--Termitinae-Cavitermes-cavifrons,272-36--Termitinae-Cavitermes-cavifrons,Cavitermes
272-38,272-38--G13-17--Apicotermitinae--Anoplotermes-group-sp-N--French-Guiana-Neo-tropical,Neo-tropical,group3,soil,Apicotermitinae,higher,higher,run3,3,Apicotermitinae,G13-17,272-38--Apicotermitinae-Anoplotermes-group-spN,272-38--Apicotermitinae-Anoplotermes-group-spN,Anoplotermes-group
272-40,272-40--G13-30--Nasutitermitinae--Coatitermes-kartaboensis--French-Guiana-Neo-tropical,Neo-tropical,group3,soil,Nasutitermitinae,higher,higher,run3,3,Nasutitermitinae,G13-30,272-40--Nasutitermitinae-Coatitermes-kartaboensis,272-40--Nasutitermitinae-Coatitermes-kartaboensis,Coatitermes
272-41,272-41--G13-45--Syntermitinae--Cyriliotermes-angulariceps--French-Guiana-Neo-tropical,Neo-tropical,group3,soil,Syntermitinae,higher,higher,run3,3,Syntermitinae,G13-45,272-41--Syntermitinae-Cyriliotermes-angulariceps,272-41--Syntermitinae-Cyriliotermes-angulariceps,Cyriliotermes
272-44,272-44--G-13-60--Termitinae--Neocapritermes-taracua--French-Guiana-Neo-tropical,Neo-tropical,group3,soil,Termitinae,higher,higher,run3,3,Termitinae_groupB,G13-60,272-44--Termitinae-Neocapritermes-taracua,272-44--Termitinae-Neocapritermes-taracua,Neocapritermes
272-46,272-46--G728--Nasutitermitinae--Agnathotermes-crassinasus--French-Guiana-Neo-tropical,Neo-tropical,group3,soil,Nasutitermitinae,higher,higher,run3,3,Nasutitermitinae,G728,272-46--Nasutitermitinae-Agnathotermes-crassinasus,272-46--Nasutitermitinae-Agnathotermes-crassinasus,Agnathotermes
272-88,272-88--SAF6--Apicotermitinae--Alyscotermes-sp--South-Africa-Afro-tropical,Afro-tropical,group3,soil,Apicotermitinae,higher,higher,run3,3,Apicotermitinae,SAF6,272-88--Apicotermitinae-Alyscotermes-sp,272-88--Apicotermitinae-Alyscotermes-sp,Alyscotermes
272-90,272-90--T414A--Apicotermitinae--Euhamitermes--Singapore-Oriental,Oriental,group3,soil,Apicotermitinae,higher,higher,run3,3,Apicotermitinae,T4.14A,272-90--Apicotermitinae-Euhamitermes,272-90--Apicotermitinae-Euhamitermes,Euhamitermes
301-05,301-05--49--Termitinae--Protocapritermes-odontomachus--New-Guinea-Oceania,Oceania,group3,soil,Termitinae,higher,higher,run4,3,Termitinae_groupC,NG49,301-05--Termitinae-Protocapritermes-odontomachus,301-05--Termitinae-Protocapritermes-odontomachus,Protocapritermes
301-06,301-06--NG55--Termitinae--Pericapritermes-sp-B--New-Guinea-Oceania,Oceania,group3,soil,Termitinae,higher,higher,run4,3,Termitinae_groupD,NG55,301-06--Termitinae-Pericapritermes-spB,301-06--Termitinae-Pericapritermes-spB,Pericapritermes
301-22,301-22--BRA14--Syntermitinae--Cyrilliotermes-sp--Brazil-Neo-tropical,Neo-tropical,group3,soil,Syntermitinae,higher,higher,run4,3,Syntermitinae,BRA14,301-22--Syntermitinae-Cyrilliotermes-sp,301-22--Syntermitinae-Cyrilliotermes-sp,Cyrilliotermes
301-23,301-23--BDIT061--Apicotermitinae--Alyscotermes-kilimandjaricus--Burundi-Afro-tropical,Afro-tropical,group3,soil,Apicotermitinae,higher,higher,run4,3,Apicotermitinae,BDIT061,301-23--Apicotermitinae-Alyscotermes-kilimandjaricus,301-23--Apicotermitinae-Alyscotermes-kilimandjaricus,Alyscotermes
301-27,301-27--BDIT112--Apicotermitinae--Astalotermes-murcus--Burundi-Afro-tropical,Afro-tropical,group3,soil,Apicotermitinae,higher,higher,run4,3,Apicotermitinae,BDIT112,301-27--Apicotermitinae-Astalotermes-murcus,301-27--Apicotermitinae-Astalotermes-murcus,Astalotermes
301-35,301-35--BRA5--Syntermitinae--Silvestritermes-heyeri--Brazil-Neo-tropical,Neo-tropical,group3,soil,Syntermitinae,higher,higher,run4,3,Syntermitinae,BRA5,301-35--Syntermitinae-Silvestritermes-heyeri,301-35--Syntermitinae-Silvestritermes-heyeri,Silvestritermes
301-39,301-39--G13-130--Nasutitermitinae--Coatitermes-sp-2--French-Guiana-Neo-tropical,Neo-tropical,group3,soil,Nasutitermitinae,higher,higher,run4,3,Nasutitermitinae,G13-130,301-39--Nasutitermitinae-Coatitermes-sp2,301-39--Nasutitermitinae-Coatitermes-sp2,Coatitermes
301-40,301-40--G13-28--Termitinae--Planicapritermes-planiceps--French-Guiana-Neo-tropical,Neo-tropical,group3,soil,Termitinae,higher,higher,run4,3,Termitinae_groupB,G13-28,301-40--Termitinae-Planicapritermes-planiceps,301-40--Termitinae-Planicapritermes-planiceps,Planicapritermes
301-41,301-41--G13-32--Apicotermitinae--Anoplotermes-banksi--French-Guiana-Neo-tropical,Neo-tropical,group3,soil,Apicotermitinae,higher,higher,run4,3,Apicotermitinae,G13-32,301-41--Apicotermitinae-Anoplotermes-banksi,301-41--Apicotermitinae-Anoplotermes-banksi,Anoplotermes
301-46,301-46--G13-65--Apicotermitinae--Anoplotermes-group-sp-Q--French-Guiana-Neo-tropical,Neo-tropical,group3,soil,Apicotermitinae,higher,higher,run4,3,Apicotermitinae,G13-65,301-46--Apicotermitinae-Anoplotermes-group-spQ,301-46--Apicotermitinae-Anoplotermes-group-spQ,Anoplotermes-group
301-47,301-47--G13-69--Apicotermitinae--Anoplotermes-group-sp-AF--French-Guiana-Neo-tropical,Neo-tropical,group3,soil,Apicotermitinae,higher,higher,run4,3,Apicotermitinae,G13-69,301-47--Apicotermitinae-Anoplotermes-group-spAF,301-47--Apicotermitinae-Anoplotermes-group-spAF,Anoplotermes-group
301-50,301-50--G683--Termitinae--Neocapritermes-sp-H--French-Guiana-Neo-tropical,Neo-tropical,group3,soil,Termitinae,higher,higher,run4,3,Termitinae_groupB,G683,301-50--Termitinae-Neocapritermes-spH,301-50--Termitinae-Neocapritermes-spH,Neocapritermes
301-52,301-52--G729--Nasutitermitinae--Araujotermes-parvellus--French-Guiana-Neo-tropical,Neo-tropical,group3,soil,Nasutitermitinae,higher,higher,run4,3,Nasutitermitinae,G729,301-52--Nasutitermitinae-Araujotermes-parvellus,301-52--Nasutitermitinae-Araujotermes-parvellus,Araujotermes
301-57,301-57--SP1--Termitinae--Sinocapritermes-sp1--Iriomote-Japan-Paleo-arctic,Paleo-arctic,group3,soil,Termitinae,higher,higher,run4,3,Termitinae_groupD,SP1,301-57--Termitinae-Sinocapritermes-sp1,301-57--Termitinae-Sinocapritermes-sp1,Sinocapritermes
301-65,301-65--RDCT021--Apicotermitinae--Acidnotermes-praus--Congo-Afro-tropical,Afro-tropical,group3,soil,Apicotermitinae,higher,higher,run4,3,Apicotermitinae,RDCT021,301-65--Apicotermitinae-Acidnotermes-praus,301-65--Apicotermitinae-Acidnotermes-praus,Acidnotermes
301-68,301-68--RDCT098--Apicotermitinae--Amalotermes-phaeocephalus--Congo-Afro-tropical,Afro-tropical,group3,soil,Apicotermitinae,higher,higher,run4,3,Apicotermitinae,RDCT098,301-68--Apicotermitinae-Amalotermes-phaeocephalus,301-68--Apicotermitinae-Amalotermes-phaeocephalus,Amalotermes
301-74,301-74--RD1T21M1-e--Termitinae--Promirotermes-pygmaeus--Congo-Afro-tropical,Afro-tropical,group3,soil,Termitinae,higher,higher,run4,3,Termitinae_groupC,RD1T21-M1e,301-74--Termitinae-Promirotermes-pygmaeus,301-74--Termitinae-Promirotermes-pygmaeus,Promirotermes
301-76,301-76--SING57--Termitinae--Dicuspiditermes-nemerosus--Singapore-Oriental,Oriental,group3,soil,Termitinae,higher,higher,run4,3,Termitinae_groupD,SING57,301-76--Termitinae-Dicuspiditermes-nemerosus,301-76--Termitinae-Dicuspiditermes-nemerosus,Dicuspiditermes
301-81,301-81--THAI105--Termitinae--Sinocapritermes-sp-1--Thailand-Oriental,Oriental,group3,soil,Termitinae,higher,higher,run4,3,Termitinae_groupD,THAI105,301-81--Termitinae-Sinocapritermes-sp1,301-81--Termitinae-Sinocapritermes-sp1,Sinocapritermes
301-83,301-83--THAI037--Termitinae--Procapritermes-sp-1--Thailand-Oriental,Oriental,group3,soil,Termitinae,higher,higher,run4,3,Termitinae_groupD,THAI037,301-83--Termitinae-Procapritermes-sp1,301-83--Termitinae-Procapritermes-sp1,Procapritermes
301-84,301-84--THAI038--Termitinae--Mirocapritermes-sp-1--Thailand-Oriental,Oriental,group3,soil,Termitinae,higher,higher,run4,3,Termitinae_groupD,THAI038,301-84--Termitinae-Mirocapritermes-sp1,301-84--Termitinae-Mirocapritermes-sp1,Mirocapritermes
301-85,301-85--THAI45--Nasutitermitinae--Oriensubulitermes-inanis--Thailand-Oriental,Oriental,group3,soil,Nasutitermitinae,higher,higher,run4,3,Nasutitermitinae,THAI45,301-85--Nasutitermitinae-Oriensubulitermes-inanis,301-85--Nasutitermitinae-Oriensubulitermes-inanis,Oriensubulitermes
301-89,301-89--THAI096--Termitinae--Termes-propinqus--Thailand-Oriental,Oriental,group3,soil,Termitinae,higher,higher,run4,3,Termitinae_groupC,THAI096,301-89--Termitinae-Termes-propinqus,301-89--Termitinae-Termes-propinqus,Termes
301-13,301-13--NG45-10k--Termitinae--Pericapritermes-parvus--NewGuinea-Oceania,Oceania,group3,soil,Termitinae,higher,higher,run4,3,Termitinae_groupD,NG45,301-13--Termitinae-Pericapritermes-parvus,Pericapritermes-parvus,Pericapritermes
301-62,301-62--NG45--Termitinae--Pericapritermes-parvus--New-Guinea-Oceania,Oceania,group3,soil,Termitinae,higher,higher,run4,3,Termitinae_groupD,NG45,301-62--Termitinae-Pericapritermes-parvus,Pericapritermes-parvus,Pericapritermes
230-20,230-20--BDIT069--Cubitermitinae--Cubitermes-nr-fulvus--Burundi-Afro-tropical,Afro-tropical,group4,soil,Cubitermitinae,higher,higher,run2,3,Cubitermitinae,BDIT069,230-20--Cubitermitinae-Cubitermes-nr-fulvus,230-20--Cubitermitinae-Cubitermes-nr-fulvus,Cubitermes
272-27,272-27--CAM16-05--Apicotermitinae--Phoxotermes--Cameroon-Afro-tropical,Afro-tropical,group4,soil,Apicotermitinae,higher,higher,run3,3,Apicotermitinae,CAM16-05,272-27--Apicotermitinae-Phoxotermes,272-27--Apicotermitinae-Phoxotermes,Phoxotermes
272-28,272-28--CAM16-13--Apicotermitinae--Labidotermes--Cameroon-Afro-tropical,Afro-tropical,group4,soil,Apicotermitinae,higher,higher,run3,3,Apicotermitinae,CAM16-13,272-28--Apicotermitinae-Labidotermes,272-28--Apicotermitinae-Labidotermes,Labidotermes
272-30,272-30--CAM212--Apicotermitinae--Heimitermes--Cameroon-Afro-tropical,Afro-tropical,group4,soil,Apicotermitinae,higher,higher,run3,3,Apicotermitinae,CAM212,272-30--Apicotermitinae-Heimitermes,272-30--Apicotermitinae-Heimitermes,Heimitermes
272-32,272-32--CIVT017--Nasutitermitinae--Mimeutermes-sorex--Ivory-Coast-Afro-tropical,Afro-tropical,group4,soil,Nasutitermitinae,higher,higher,run3,3,Nasutitermitinae,CIVT017,272-32--Nasutitermitinae-Mimeutermes-sorex,272-32--Nasutitermitinae-Mimeutermes-sorex,Mimeutermes
272-42,272-42--G13-4--Apicotermitinae--Anoplotermes-parvus--French-Guiana-Neo-tropical,Neo-tropical,group4,soil,Apicotermitinae,higher,higher,run3,3,Apicotermitinae,G13-04,272-42--Apicotermitinae-Anoplotermes-parvus,272-42--Apicotermitinae-Anoplotermes-parvus,Anoplotermes
272-47,272-47--G756--Apicotermitinae--Patawatermes--French-Guiana-Neo-tropical,Neo-tropical,group4,soil,Apicotermitinae,higher,higher,run3,3,Apicotermitinae,G756,272-47--Apicotermitinae-Patawatermes,272-47--Apicotermitinae-Patawatermes,Patawatermes
301-28,301-28--BDIT43--Cubitermitinae--Basidentitermes-aurivillii--Burundi-Afro-tropical,Afro-tropical,group4,soil,Cubitermitinae,higher,higher,run4,3,Cubitermitinae,BDIT43,301-28--Cubitermitinae-Basidentitermes-aurivillii,301-28--Cubitermitinae-Basidentitermes-aurivillii,Basidentitermes
301-33,301-33--BRA29--Syntermitinae--Labiotermes-sp--Brazil-Neo-tropical,Neo-tropical,group4,soil,Syntermitinae,higher,higher,run4,3,Syntermitinae,BRA29,301-33--Syntermitinae-Labiotermes-sp,301-33--Syntermitinae-Labiotermes-sp,Labiotermes
301-43,301-43--G13-43--Syntermitinae--Labiotermes-labralis--French-Guiana-Neo-tropical,Neo-tropical,group4,soil,Syntermitinae,higher,higher,run4,3,Syntermitinae,G13-43,301-43--Syntermitinae-Labiotermes-labralis,301-43--Syntermitinae-Labiotermes-labralis,Labiotermes
301-48,301-48--G13-8--Apicotermitinae--Anoplotermes-janus--French-Guiana-Neo-tropical,Neo-tropical,group4,soil,Apicotermitinae,higher,higher,run4,3,Apicotermitinae,G13-08,301-48--Apicotermitinae-Anoplotermes-janus,301-48--Apicotermitinae-Anoplotermes-janus,Anoplotermes
301-51,301-51--G697--Termitinae--Orthognathotermes-aduncus--French-Guiana-Neo-tropical,Neo-tropical,group4,soil,Termitinae,higher,higher,run4,3,Termitinae_groupD,G697,301-51--Termitinae-Orthognathotermes-aduncus,301-51--Termitinae-Orthognathotermes-aduncus,Orthognathotermes
301-53,301-53--G730--Termitinae--Dentispicotermes-brevicarinatus--French-Guiana-Neo-tropical,Neo-tropical,group4,soil,Termitinae,higher,higher,run4,3,Termitinae_groupD,G730,301-53--Termitinae-Dentispicotermes-brevicarinatus,301-53--Termitinae-Dentispicotermes-brevicarinatus,Dentispicotermes
301-66,301-66--RDCT051--Cubitermitinae--Orthotermes-depressifrons--Congo-Afro-tropical,Afro-tropical,group4,soil,Cubitermitinae,higher,higher,run4,3,Cubitermitinae,RDCT051,301-66--Cubitermitinae-Orthotermes-depressifrons,301-66--Cubitermitinae-Orthotermes-depressifrons,Orthotermes
301-67,301-67--RDCT070--Apicotermitinae--Ateuchotermes-sp-B--Congo-Afro-tropical,Afro-tropical,group4,soil,Apicotermitinae,higher,higher,run4,3,Apicotermitinae,RDCT070,301-67--Apicotermitinae-Ateuchotermes-spB,301-67--Apicotermitinae-Ateuchotermes-spB,Ateuchotermes
301-69,301-69--RDCT105--Cubitermitinae--Ophiotermes-grandilabius--Congo-Afro-tropical,Afro-tropical,group4,soil,Cubitermitinae,higher,higher,run4,3,Cubitermitinae,RDCT105,301-69--Cubitermitinae-Ophiotermes-grandilabius,301-69--Cubitermitinae-Ophiotermes-grandilabius,Ophiotermes
301-71,301-71--RDCT125--Termitinae--Tuberculitermes-bycanistes--Congo-Afro-tropical,Afro-tropical,group4,soil,Termitinae,higher,higher,run4,3,Termitinae_groupC,RDCT125,301-71--Termitinae-Tuberculitermes-bycanistes,301-71--Termitinae-Tuberculitermes-bycanistes,Tuberculitermes
301-73,301-73--RDCT159--Cubitermitinae--Proboscitermes-tubuliferus--Congo-Afro-tropical,Afro-tropical,group4,soil,Cubitermitinae,higher,higher,run4,3,Cubitermitinae,RDCT159,301-73--Cubitermitinae-Proboscitermes-tubuliferus,301-73--Cubitermitinae-Proboscitermes-tubuliferus,Proboscitermes
